id;recvtime;fiwareservicepath;entitytype;entityid;laeq;laeq_d;laeq_den;laeq_e;laeq_n;dateobserved
4;2020-11-21T00:00:39+00:00;/sonometros;NoiseLevelObserved;T248655-daily;65.0;66.4;68.1;66.3;59.2;2020-11-20
11;2020-09-19T00:00:23+00:00;/sonometros;NoiseLevelObserved;T248655-daily;64.7;66.2;67.7;65.1;59.0;2020-09-18
14;2020-09-22T00:00:30+00:00;/sonometros;NoiseLevelObserved;T248655-daily;64.4;66.2;66.7;63.4;57.0;2020-09-21
15;2020-09-23T00:00:32+00:00;/sonometros;NoiseLevelObserved;T248655-daily;65.3;67.1;67.4;63.2;57.6;2020-09-22
16;2020-09-24T00:00:35+00:00;/sonometros;NoiseLevelObserved;T248655-daily;65.4;67.1;67.5;64.4;57.7;2020-09-23
17;2020-09-25T00:00:38+00:00;/sonometros;NoiseLevelObserved;T248655-daily;65.6;67.5;67.7;63.2;58.0;2020-09-24
26;2020-10-04T00:00:58+00:00;/sonometros;NoiseLevelObserved;T248655-daily;63.4;64.2;68.1;64.3;61.0;2020-10-03
32;2020-10-10T00:00:15+00:00;/sonometros;NoiseLevelObserved;T248655-daily;62.0;62.9;66.5;63.2;59.2;2020-10-09
33;2020-10-11T00:00:16+00:00;/sonometros;NoiseLevelObserved;T248655-daily;62.9;63.9;67.2;63.4;59.9;2020-10-10
35;2020-10-13T00:00:20+00:00;/sonometros;NoiseLevelObserved;T248655-daily;61.7;62.9;65.4;63.1;57.4;2020-10-12
38;2020-10-16T00:00:45+00:00;/sonometros;NoiseLevelObserved;T248655-daily;64.4;66.3;67.0;61.7;58.0;2020-10-15
39;2020-10-17T00:00:46+00:00;/sonometros;NoiseLevelObserved;T248655-daily;64.6;66.0;67.6;65.3;58.8;2020-10-16
43;2020-10-21T00:00:55+00:00;/sonometros;NoiseLevelObserved;T248655-daily;66.7;68.7;68.5;63.5;58.0;2020-10-20
45;2020-10-23T00:00:01+00:00;/sonometros;NoiseLevelObserved;T248655-daily;65.5;67.2;68.1;63.6;59.3;2020-10-22
48;2020-10-26T00:00:09+00:00;/sonometros;NoiseLevelObserved;T248655-daily;62.8;64.2;66.5;63.1;58.3;2020-10-25
52;2020-10-30T00:00:17+00:00;/sonometros;NoiseLevelObserved;T248655-daily;67.0;68.9;69.0;63.8;59.2;2020-10-29
56;2020-11-03T00:00:25+00:00;/sonometros;NoiseLevelObserved;T248655-daily;67.5;69.4;68.9;66.1;57.0;2020-11-02
58;2020-11-05T00:00:30+00:00;/sonometros;NoiseLevelObserved;T248655-daily;64.9;66.3;67.8;65.6;59.0;2020-11-04
61;2020-11-08T00:00:38+00:00;/sonometros;NoiseLevelObserved;T248655-daily;64.4;65.6;68.4;65.0;60.7;2020-11-07
64;2020-11-11T00:00:43+00:00;/sonometros;NoiseLevelObserved;T248655-daily;64.9;66.6;67.5;64.6;58.2;2020-11-10
66;2020-11-13T00:00:47+00:00;/sonometros;NoiseLevelObserved;T248655-daily;64.1;65.7;67.0;63.8;58.2;2020-11-12
67;2020-11-14T00:00:49+00:00;/sonometros;NoiseLevelObserved;T248655-daily;65.0;66.5;68.2;65.1;59.8;2020-11-13
70;2020-11-17T00:00:57+00:00;/sonometros;NoiseLevelObserved;T248655-daily;63.8;65.5;66.3;63.0;57.1;2020-11-16
72;2020-11-28T00:00:54+00:00;/sonometros;NoiseLevelObserved;T248655-daily;69.1;71.1;70.6;65.3;59.6;2020-11-27
80;2020-12-06T00:00:15+00:00;/sonometros;NoiseLevelObserved;T248655-daily;74.4;76.6;74.9;65.2;59.6;2020-12-05
82;2020-12-08T00:00:16+00:00;/sonometros;NoiseLevelObserved;T248655-daily;64.5;66.2;67.2;64.6;57.8;2020-12-07
90;2020-12-16T00:00:45+00:00;/sonometros;NoiseLevelObserved;T248655-daily;64.4;66.1;67.0;63.7;57.8;2020-12-15
93;2020-12-19T00:00:50+00:00;/sonometros;NoiseLevelObserved;T248655-daily;65.6;66.9;69.4;65.8;61.6;2020-12-18
94;2020-12-20T00:00:53+00:00;/sonometros;NoiseLevelObserved;T248655-daily;64.0;65.2;67.6;65.2;59.4;2020-12-19
98;2020-12-24T00:00:04+00:00;/sonometros;NoiseLevelObserved;T248655-daily;64.5;65.9;67.5;66.0;58.3;2020-12-23
102;2020-12-28T00:00:14+00:00;/sonometros;NoiseLevelObserved;T248655-daily;62.0;63.5;64.4;63.8;53.8;2020-12-27
104;2020-12-30T00:00:47+00:00;/sonometros;NoiseLevelObserved;T248655-daily;64.3;65.9;66.9;64.3;57.6;2020-12-29
107;2021-01-02T00:00:52+00:00;/sonometros;NoiseLevelObserved;T248655-daily;67.2;63.4;76.0;63.1;70.6;2021-01-01
111;2021-01-06T00:00:16+00:00;/sonometros;NoiseLevelObserved;T248655-daily;68.0;70.1;69.5;64.2;58.4;2021-01-05
112;2021-01-07T00:00:03+00:00;/sonometros;NoiseLevelObserved;T248655-daily;62.4;63.7;65.7;62.9;57.4;2021-01-06
117;2021-01-12T00:00:13+00:00;/sonometros;NoiseLevelObserved;T248655-daily;64.5;66.4;66.6;62.3;56.7;2021-01-11
118;2021-01-13T00:00:15+00:00;/sonometros;NoiseLevelObserved;T248655-daily;64.6;66.3;67.2;62.6;58.3;2021-01-12
119;2021-01-14T00:00:16+00:00;/sonometros;NoiseLevelObserved;T248655-daily;65.3;67.2;67.2;62.7;57.2;2021-01-13
120;2021-01-15T00:00:19+00:00;/sonometros;NoiseLevelObserved;T248655-daily;66.9;69.0;68.4;63.9;56.9;2021-01-14
121;2021-01-16T00:00:21+00:00;/sonometros;NoiseLevelObserved;T248655-daily;64.6;66.5;66.4;63.4;55.5;2021-01-15
126;2021-01-21T00:00:29+00:00;/sonometros;NoiseLevelObserved;T248655-daily;65.2;67.2;66.8;63.3;55.6;2021-01-20
130;2021-01-25T00:00:38+00:00;/sonometros;NoiseLevelObserved;T248655-daily;60.4;61.9;63.2;61.2;54.1;2021-01-24
131;2021-01-26T00:00:39+00:00;/sonometros;NoiseLevelObserved;T248655-daily;65.1;67.1;66.5;61.0;55.4;2021-01-25
132;2021-01-27T00:00:42+00:00;/sonometros;NoiseLevelObserved;T248655-daily;67.5;69.6;68.8;63.3;57.1;2021-01-26
134;2021-01-29T00:00:46+00:00;/sonometros;NoiseLevelObserved;T248655-daily;66.3;68.3;67.5;62.0;55.8;2021-01-28
135;2021-01-30T00:00:49+00:00;/sonometros;NoiseLevelObserved;T248655-daily;64.8;66.7;66.6;62.6;56.0;2021-01-29
139;2021-02-03T00:00:04+00:00;/sonometros;NoiseLevelObserved;T248655-daily;64.5;66.5;66.4;61.3;56.2;2021-02-02
141;2021-02-05T00:00:04+00:00;/sonometros;NoiseLevelObserved;T248655-daily;65.5;67.4;67.2;62.2;56.9;2021-02-04
142;2021-02-06T00:00:37+00:00;/sonometros;NoiseLevelObserved;T248655-daily;72.7;74.9;73.0;63.5;56.1;2021-02-05
143;2021-02-07T00:00:09+00:00;/sonometros;NoiseLevelObserved;T248655-daily;62.2;63.8;64.8;62.0;55.6;2021-02-06
144;2021-02-08T00:00:08+00:00;/sonometros;NoiseLevelObserved;T248655-daily;60.4;61.9;63.3;60.7;54.4;2021-02-07
146;2021-02-10T00:00:18+00:00;/sonometros;NoiseLevelObserved;T248655-daily;65.7;67.7;67.1;61.2;56.2;2021-02-09
149;2021-02-13T00:00:22+00:00;/sonometros;NoiseLevelObserved;T248655-daily;65.3;67.2;66.7;63.5;55.0;2021-02-12
150;2021-02-14T00:00:23+00:00;/sonometros;NoiseLevelObserved;T248655-daily;62.1;63.6;64.9;63.4;55.5;2021-02-13
153;2021-02-17T00:00:30+00:00;/sonometros;NoiseLevelObserved;T248655-daily;65.4;67.4;67.2;62.1;56.8;2021-02-16
158;2021-03-20T00:00:22+00:00;/sonometros;NoiseLevelObserved;T248655-daily;63.0;64.7;65.1;63.4;54.6;2021-03-19
159;2021-03-21T00:00:23+00:00;/sonometros;NoiseLevelObserved;T248655-daily;63.2;64.7;65.9;63.9;56.6;2021-03-20
161;2021-03-23T00:00:29+00:00;/sonometros;NoiseLevelObserved;T248655-daily;66.2;68.3;67.8;61.9;57.0;2021-03-22
166;2021-03-28T00:00:39+00:00;/sonometros;NoiseLevelObserved;T248655-daily;63.6;65.3;65.7;63.3;55.4;2021-03-27
167;2021-03-29T00:00:40+00:00;/sonometros;NoiseLevelObserved;T248655-daily;62.7;64.1;65.0;63.1;55.2;2021-03-28
173;2021-04-04T00:00:53+00:00;/sonometros;NoiseLevelObserved;T248655-daily;62.9;64.7;65.0;62.1;54.7;2021-04-03
174;2021-04-05T00:00:56+00:00;/sonometros;NoiseLevelObserved;T248655-daily;61.7;63.1;64.6;62.4;55.8;2021-04-04
175;2021-04-06T00:00:02+00:00;/sonometros;NoiseLevelObserved;T248655-daily;62.3;63.9;65.0;63.2;55.5;2021-04-05
176;2021-04-07T00:00:33+00:00;/sonometros;NoiseLevelObserved;T248655-daily;66.7;68.7;68.1;63.3;56.6;2021-04-06
177;2021-04-08T00:00:05+00:00;/sonometros;NoiseLevelObserved;T248655-daily;66.6;68.5;68.3;64.1;57.6;2021-04-07
180;2021-04-11T00:00:11+00:00;/sonometros;NoiseLevelObserved;T248655-daily;64.0;65.9;65.7;63.2;54.1;2021-04-10
182;2021-04-13T00:00:13+00:00;/sonometros;NoiseLevelObserved;T248655-daily;62.6;63.9;66.0;64.6;57.4;2021-04-12
186;2021-04-17T00:00:22+00:00;/sonometros;NoiseLevelObserved;T248655-daily;67.2;69.1;68.9;64.9;58.2;2021-04-16
188;2021-04-19T00:00:27+00:00;/sonometros;NoiseLevelObserved;T248655-daily;62.2;63.9;64.4;62.5;54.0;2021-04-18
192;2021-04-23T00:00:35+00:00;/sonometros;NoiseLevelObserved;T248655-daily;70.0;72.0;71.2;65.4;59.6;2021-04-22
208;2021-05-09T00:00:26+00:00;/sonometros;NoiseLevelObserved;T248655-daily;65.5;67.3;67.4;65.7;56.2;2021-05-08
212;2021-05-13T00:00:35+00:00;/sonometros;NoiseLevelObserved;T248655-daily;64.4;66.2;66.6;63.5;56.6;2021-05-12
213;2021-05-14T00:00:37+00:00;/sonometros;NoiseLevelObserved;T248655-daily;65.2;66.3;68.2;68.1;58.6;2021-05-13
214;2021-05-15T00:01:50+00:00;/sonometros;NoiseLevelObserved;T248655-daily;65.0;66.6;67.8;65.0;58.9;2021-05-14
219;2021-05-20T00:00:53+00:00;/sonometros;NoiseLevelObserved;T248655-daily;65.5;67.4;67.5;63.8;57.3;2021-05-19
223;2021-05-24T00:00:18+00:00;/sonometros;NoiseLevelObserved;T248655-daily;64.4;65.3;68.3;66.5;60.3;2021-05-23
224;2021-05-25T00:00:05+00:00;/sonometros;NoiseLevelObserved;T248655-daily;64.7;66.3;67.6;63.6;59.1;2021-05-24
232;2021-06-02T00:00:22+00:00;/sonometros;NoiseLevelObserved;T248655-daily;66.8;68.8;68.4;63.5;57.5;2021-06-01
233;2021-06-03T00:00:26+00:00;/sonometros;NoiseLevelObserved;T248655-daily;65.2;66.8;67.6;64.6;58.3;2021-06-02
236;2021-06-06T00:00:32+00:00;/sonometros;NoiseLevelObserved;T248655-daily;65.0;66.1;68.9;66.0;61.1;2021-06-05
238;2021-06-08T00:00:37+00:00;/sonometros;NoiseLevelObserved;T248655-daily;64.8;66.5;67.3;64.0;58.1;2021-06-07
240;2021-06-10T00:01:42+00:00;/sonometros;NoiseLevelObserved;T248655-daily;64.9;66.4;67.7;65.2;58.7;2021-06-09
252;2021-08-25T00:00:40+00:00;/sonometros;NoiseLevelObserved;T248655-daily;67.2;69.1;69.2;63.7;59.4;2021-08-24
253;2021-08-26T00:00:41+00:00;/sonometros;NoiseLevelObserved;T248655-daily;64.9;66.2;68.7;64.4;61.0;2021-08-25
257;2021-08-30T00:00:52+00:00;/sonometros;NoiseLevelObserved;T248655-daily;61.5;62.2;66.0;63.4;58.7;2021-08-29
258;2021-08-31T00:00:55+00:00;/sonometros;NoiseLevelObserved;T248655-daily;66.4;68.3;68.5;63.7;58.9;2021-08-30
260;2021-09-02T00:00:01+00:00;/sonometros;NoiseLevelObserved;T248655-daily;67.8;68.0;73.4;69.6;66.8;2021-09-01
266;2021-09-08T00:00:16+00:00;/sonometros;NoiseLevelObserved;T248655-daily;64.7;66.3;67.5;64.1;58.6;2021-09-07
267;2021-09-09T00:00:18+00:00;/sonometros;NoiseLevelObserved;T248655-daily;65.1;66.6;68.1;64.9;59.6;2021-09-08
268;2021-09-10T00:00:21+00:00;/sonometros;NoiseLevelObserved;T248655-daily;66.5;66.2;73.1;64.6;67.2;2021-09-09
272;2021-09-14T00:00:30+00:00;/sonometros;NoiseLevelObserved;T248655-daily;65.4;67.1;67.8;64.1;58.5;2021-09-13
306;2021-09-16T00:00:37+00:00;/sonometros;NoiseLevelObserved;T248655-daily;65.7;67.5;68.0;64.1;58.4;2021-09-15
310;2021-09-20T00:00:46+00:00;/sonometros;NoiseLevelObserved;T248655-daily;63.7;64.0;69.4;64.2;62.9;2021-09-19
344;2021-09-22T00:00:50+00:00;/sonometros;NoiseLevelObserved;T248655-daily;66.4;68.3;68.3;62.9;58.4;2021-09-21
346;2021-09-24T00:00:55+00:00;/sonometros;NoiseLevelObserved;T248655-daily;65.6;67.2;68.4;64.0;59.8;2021-09-23
350;2021-09-28T00:00:08+00:00;/sonometros;NoiseLevelObserved;T248655-daily;65.1;66.6;68.4;64.1;60.4;2021-09-27
385;2021-10-01T00:00:15+00:00;/sonometros;NoiseLevelObserved;T248655-daily;65.5;67.2;68.0;64.4;58.8;2021-09-30
388;2021-10-04T00:00:22+00:00;/sonometros;NoiseLevelObserved;T248655-daily;64.2;63.3;71.2;65.3;65.2;2021-10-03
392;2021-10-08T00:00:31+00:00;/sonometros;NoiseLevelObserved;T248655-daily;66.4;68.3;68.6;64.3;58.9;2021-10-07
433;2021-10-17T00:00:52+00:00;/sonometros;NoiseLevelObserved;T248655-daily;65.4;65.5;71.2;67.3;64.6;2021-10-16
434;2021-10-18T00:00:54+00:00;/sonometros;NoiseLevelObserved;T248655-daily;63.7;63.8;70.0;62.7;63.9;2021-10-17
436;2021-10-20T00:01:04+00:00;/sonometros;NoiseLevelObserved;T248655-daily;66.2;68.0;68.3;64.4;58.5;2021-10-19
439;2021-10-23T00:00:07+00:00;/sonometros;NoiseLevelObserved;T248655-daily;65.7;67.0;69.2;66.1;61.1;2021-10-22
477;2021-10-29T00:00:21+00:00;/sonometros;NoiseLevelObserved;T248655-daily;66.1;67.8;68.7;64.4;59.8;2021-10-28
644;2021-11-05T00:00:36+00:00;/sonometros;NoiseLevelObserved;T248655-daily;64.9;66.5;67.7;65.2;58.6;2021-11-04
715;2021-11-12T00:00:51+00:00;/sonometros;NoiseLevelObserved;T248655-daily;65.2;66.7;68.0;65.1;59.1;2021-11-11
716;2021-11-13T00:00:54+00:00;/sonometros;NoiseLevelObserved;T248655-daily;67.3;68.9;70.1;66.2;61.5;2021-11-12
717;2021-11-14T00:00:56+00:00;/sonometros;NoiseLevelObserved;T248655-daily;65.7;66.0;71.3;67.2;64.7;2021-11-13
720;2021-11-17T00:00:17+00:00;/sonometros;NoiseLevelObserved;T248655-daily;66.6;68.6;68.4;63.4;58.0;2021-11-16
722;2021-11-19T00:00:08+00:00;/sonometros;NoiseLevelObserved;T248655-daily;65.9;67.6;68.4;64.4;59.2;2021-11-18
724;2021-11-21T00:00:13+00:00;/sonometros;NoiseLevelObserved;T248655-daily;66.5;67.2;71.3;67.1;64.4;2021-11-20
726;2021-11-23T00:00:47+00:00;/sonometros;NoiseLevelObserved;T248655-daily;66.2;67.7;69.0;66.9;59.9;2021-11-22
727;2021-11-24T00:01:18+00:00;/sonometros;NoiseLevelObserved;T248655-daily;65.6;67.1;69.1;64.5;61.2;2021-11-23
761;2021-11-26T00:00:22+00:00;/sonometros;NoiseLevelObserved;T248655-daily;65.1;66.7;68.1;63.9;59.6;2021-11-25
763;2021-11-28T00:00:26+00:00;/sonometros;NoiseLevelObserved;T248655-daily;66.2;67.1;70.9;66.5;63.9;2021-11-27
764;2021-11-29T00:00:28+00:00;/sonometros;NoiseLevelObserved;T248655-daily;63.8;63.6;70.5;62.1;64.5;2021-11-28
766;2021-12-01T00:00:34+00:00;/sonometros;NoiseLevelObserved;T248655-daily;65.5;67.2;68.0;64.0;58.8;2021-11-30
767;2021-12-02T00:00:35+00:00;/sonometros;NoiseLevelObserved;T248655-daily;65.7;67.4;68.3;64.0;59.5;2021-12-01
769;2021-12-04T00:00:38+00:00;/sonometros;NoiseLevelObserved;T248655-daily;66.1;67.8;68.8;64.5;60.1;2021-12-03
770;2021-12-05T00:00:41+00:00;/sonometros;NoiseLevelObserved;T248655-daily;65.4;66.0;70.6;66.1;63.8;2021-12-04
772;2021-12-07T00:00:46+00:00;/sonometros;NoiseLevelObserved;T248655-daily;62.6;63.5;66.9;64.2;59.4;2021-12-06
774;2021-12-09T00:00:50+00:00;/sonometros;NoiseLevelObserved;T248655-daily;63.2;63.8;68.1;64.9;61.0;2021-12-08
776;2021-12-11T00:01:54+00:00;/sonometros;NoiseLevelObserved;T248655-daily;66.0;67.4;69.2;66.4;60.7;2021-12-10
814;2021-12-17T00:00:07+00:00;/sonometros;NoiseLevelObserved;T248655-daily;66.0;67.5;69.2;65.3;60.9;2021-12-16
815;2021-12-18T00:00:12+00:00;/sonometros;NoiseLevelObserved;T248655-daily;69.7;71.6;71.8;67.4;62.1;2021-12-17
820;2021-12-23T00:00:21+00:00;/sonometros;NoiseLevelObserved;T248655-daily;66.4;68.1;69.1;65.2;60.1;2021-12-22
822;2021-12-25T00:00:23+00:00;/sonometros;NoiseLevelObserved;T248655-daily;64.4;65.8;68.4;60.5;61.2;2021-12-24
823;2021-12-26T00:00:27+00:00;/sonometros;NoiseLevelObserved;T248655-daily;63.8;63.2;70.5;64.6;64.4;2021-12-25
827;2021-12-30T00:00:34+00:00;/sonometros;NoiseLevelObserved;T248655-daily;64.6;66.0;67.8;65.1;59.4;2021-12-29
830;2022-01-07T00:00:53+00:00;/sonometros;NoiseLevelObserved;T248655-daily;62.5;63.3;67.1;62.9;60.1;2022-01-06
833;2022-01-10T00:00:59+00:00;/sonometros;NoiseLevelObserved;T248655-daily;63.3;64.2;68.3;62.4;61.6;2022-01-09
837;2022-01-14T00:00:08+00:00;/sonometros;NoiseLevelObserved;T248655-daily;65.7;67.4;68.3;64.9;59.2;2022-01-13
839;2022-01-16T00:00:12+00:00;/sonometros;NoiseLevelObserved;T248655-daily;64.9;65.5;69.8;66.0;62.8;2022-01-15
840;2022-01-17T00:00:14+00:00;/sonometros;NoiseLevelObserved;T248655-daily;64.3;63.8;71.2;63.0;65.3;2022-01-16
845;2022-01-22T00:00:23+00:00;/sonometros;NoiseLevelObserved;T248655-daily;65.8;67.3;69.0;65.1;60.7;2022-01-21
846;2022-01-23T00:00:25+00:00;/sonometros;NoiseLevelObserved;T248655-daily;65.2;65.9;69.9;66.7;62.8;2022-01-22
848;2022-01-25T00:00:29+00:00;/sonometros;NoiseLevelObserved;T248655-daily;66.4;68.2;68.7;63.6;59.5;2022-01-24
849;2022-01-26T00:00:31+00:00;/sonometros;NoiseLevelObserved;T248655-daily;66.9;68.7;69.5;64.3;60.6;2022-01-25
889;2022-02-03T00:00:48+00:00;/sonometros;NoiseLevelObserved;T248655-daily;65.9;67.7;68.6;64.2;59.6;2022-02-02
891;2022-02-05T00:00:52+00:00;/sonometros;NoiseLevelObserved;T248655-daily;66.5;68.1;69.4;65.6;60.7;2022-02-04
893;2022-02-07T00:00:00+00:00;/sonometros;NoiseLevelObserved;T248655-daily;64.8;65.2;70.5;63.7;64.1;2022-02-06
894;2022-02-08T00:00:00+00:00;/sonometros;NoiseLevelObserved;T248655-daily;67.0;68.9;69.0;64.6;59.0;2022-02-07
895;2022-02-09T00:00:02+00:00;/sonometros;NoiseLevelObserved;T248655-daily;65.8;67.5;68.4;64.3;59.5;2022-02-08
896;2022-02-10T00:00:05+00:00;/sonometros;NoiseLevelObserved;T248655-daily;66.4;68.2;68.7;65.0;59.2;2022-02-09
900;2022-02-14T00:00:29+00:00;/sonometros;NoiseLevelObserved;T248655-daily;64.9;64.6;71.6;63.3;65.7;2022-02-13
904;2022-02-18T00:00:21+00:00;/sonometros;NoiseLevelObserved;T248655-daily;65.2;66.8;68.1;64.2;59.6;2022-02-17
907;2022-02-21T00:00:27+00:00;/sonometros;NoiseLevelObserved;T248655-daily;64.5;64.4;71.1;63.8;65.0;2022-02-20
913;2022-02-27T00:00:43+00:00;/sonometros;NoiseLevelObserved;T248655-daily;67.4;68.2;72.2;67.8;65.2;2022-02-26
916;2022-03-02T00:00:53+00:00;/sonometros;NoiseLevelObserved;T248655-daily;67.4;69.2;69.8;64.4;60.7;2022-03-01
954;2022-03-08T00:00:03+00:00;/sonometros;NoiseLevelObserved;T248655-daily;66.8;68.4;69.5;65.3;60.8;2022-03-07
959;2022-03-13T00:00:11+00:00;/sonometros;NoiseLevelObserved;T248655-daily;72.2;71.9;77.8;76.5;70.8;2022-03-12
962;2022-03-16T00:00:19+00:00;/sonometros;NoiseLevelObserved;T248655-daily;70.6;69.1;77.5;74.1;71.3;2022-03-15
965;2022-03-19T00:02:25+00:00;/sonometros;NoiseLevelObserved;T248655-daily;76.9;74.3;84.1;82.2;77.7;2022-03-18
967;2022-03-21T00:00:29+00:00;/sonometros;NoiseLevelObserved;T248655-daily;70.4;65.7;79.4;64.0;74.1;2022-03-20
968;2022-03-22T00:00:30+00:00;/sonometros;NoiseLevelObserved;T248655-daily;67.0;68.7;69.7;66.1;60.7;2022-03-21
969;2022-03-23T00:00:33+00:00;/sonometros;NoiseLevelObserved;T248655-daily;66.0;67.5;69.5;64.7;61.6;2022-03-22
970;2022-03-24T00:00:35+00:00;/sonometros;NoiseLevelObserved;T248655-daily;66.1;67.6;69.2;65.4;60.8;2022-03-23
971;2022-03-25T00:00:37+00:00;/sonometros;NoiseLevelObserved;T248655-daily;67.8;69.5;70.6;66.3;62.0;2022-03-24
973;2022-03-27T00:00:43+00:00;/sonometros;NoiseLevelObserved;T248655-daily;69.5;71.1;72.6;67.7;64.3;2022-03-26
974;2022-03-28T00:20:28+00:00;/sonometros;NoiseLevelObserved;T248655-daily;64.7;65.1;70.2;64.5;64.1;2022-03-27
980;2022-04-03T00:00:55+00:00;/sonometros;NoiseLevelObserved;T248655-daily;64.6;65.0;70.0;65.9;63.3;2022-04-02
983;2022-04-06T00:00:12+00:00;/sonometros;NoiseLevelObserved;T248655-daily;66.1;67.9;68.3;63.8;58.8;2022-04-05
985;2022-04-08T00:00:07+00:00;/sonometros;NoiseLevelObserved;T248655-daily;66.0;67.2;69.0;68.8;59.4;2022-04-07
991;2022-04-14T00:00:20+00:00;/sonometros;NoiseLevelObserved;T248655-daily;66.9;68.5;69.4;66.9;59.9;2022-04-13
998;2022-04-21T00:00:36+00:00;/sonometros;NoiseLevelObserved;T248655-daily;65.1;66.9;67.7;61.6;58.9;2022-04-20
1003;2022-04-26T00:00:48+00:00;/sonometros;NoiseLevelObserved;T248655-daily;63.4;64.7;66.9;64.2;58.8;2022-04-25
1004;2022-04-27T00:00:50+00:00;/sonometros;NoiseLevelObserved;T248655-daily;65.2;66.9;67.9;64.4;58.8;2022-04-26
1005;2022-04-28T00:00:52+00:00;/sonometros;NoiseLevelObserved;T248655-daily;65.7;67.4;68.2;63.6;59.3;2022-04-27
1006;2022-04-29T00:00:55+00:00;/sonometros;NoiseLevelObserved;T248655-daily;66.8;68.5;69.3;64.7;60.3;2022-04-28
1008;2022-05-01T00:00:00+00:00;/sonometros;NoiseLevelObserved;T248655-daily;67.2;68.1;71.6;67.5;64.4;2022-04-30
1010;2022-05-03T00:00:07+00:00;/sonometros;NoiseLevelObserved;T248655-daily;68.7;70.8;70.0;63.8;58.4;2022-05-02
1011;2022-05-04T00:00:07+00:00;/sonometros;NoiseLevelObserved;T248655-daily;69.2;69.9;72.5;73.7;62.4;2022-05-03
1012;2022-05-05T00:00:09+00:00;/sonometros;NoiseLevelObserved;T248655-daily;69.4;71.4;71.2;64.7;61.3;2022-05-04
1013;2022-05-06T00:00:12+00:00;/sonometros;NoiseLevelObserved;T248655-daily;68.0;69.9;70.0;64.7;60.2;2022-05-05
1014;2022-05-07T00:00:14+00:00;/sonometros;NoiseLevelObserved;T248655-daily;66.0;67.3;69.4;66.9;61.1;2022-05-06
1016;2022-05-09T00:00:20+00:00;/sonometros;NoiseLevelObserved;T248655-daily;64.0;63.6;70.6;63.4;64.6;2022-05-08
1017;2022-05-10T00:00:22+00:00;/sonometros;NoiseLevelObserved;T248655-daily;66.6;68.5;68.4;64.1;57.9;2022-05-09
1021;2022-05-14T00:00:30+00:00;/sonometros;NoiseLevelObserved;T248655-daily;68.9;70.8;70.9;66.3;61.1;2022-05-13
1024;2022-05-17T00:00:38+00:00;/sonometros;NoiseLevelObserved;T248655-daily;66.5;68.3;68.5;64.2;58.6;2022-05-16
1063;2022-05-24T00:00:54+00:00;/sonometros;NoiseLevelObserved;T248655-daily;68.7;70.8;69.8;62.9;57.8;2022-05-23
1066;2022-05-27T00:00:06+00:00;/sonometros;NoiseLevelObserved;T248655-daily;65.9;67.6;68.5;64.0;59.7;2022-05-26
1068;2022-05-29T00:00:08+00:00;/sonometros;NoiseLevelObserved;T248655-daily;64.5;64.9;70.2;64.6;63.8;2022-05-28
1074;2022-06-04T00:01:22+00:00;/sonometros;NoiseLevelObserved;T248655-daily;68.2;70.1;70.6;65.6;61.3;2022-06-03
1076;2022-06-06T00:00:27+00:00;/sonometros;NoiseLevelObserved;T248655-daily;64.1;64.6;69.8;64.2;63.3;2022-06-05
1077;2022-06-07T00:01:30+00:00;/sonometros;NoiseLevelObserved;T248655-daily;65.6;67.4;67.8;63.7;58.2;2022-06-06
1078;2022-06-08T00:00:32+00:00;/sonometros;NoiseLevelObserved;T248655-daily;67.3;69.3;69.0;64.1;58.4;2022-06-07
1085;2022-06-15T00:00:52+00:00;/sonometros;NoiseLevelObserved;T248655-daily;64.6;66.3;67.0;64.3;57.4;2022-06-14
1092;2022-06-22T00:00:10+00:00;/sonometros;NoiseLevelObserved;T248655-daily;69.4;71.5;70.6;64.6;58.6;2022-06-21
1093;2022-06-23T00:00:12+00:00;/sonometros;NoiseLevelObserved;T248655-daily;68.5;70.5;69.7;64.0;58.2;2022-06-22
1094;2022-06-24T00:00:15+00:00;/sonometros;NoiseLevelObserved;T248655-daily;67.2;69.2;69.0;63.9;58.8;2022-06-23
1098;2022-06-28T00:00:26+00:00;/sonometros;NoiseLevelObserved;T248655-daily;69.4;71.5;71.1;63.7;60.8;2022-06-27
1101;2022-07-01T00:00:35+00:00;/sonometros;NoiseLevelObserved;T248655-daily;68.3;70.2;70.0;66.5;59.2;2022-06-30
1106;2022-07-06T00:00:45+00:00;/sonometros;NoiseLevelObserved;T248655-daily;65.0;66.5;67.8;65.5;58.7;2022-07-05
1110;2022-07-10T00:00:55+00:00;/sonometros;NoiseLevelObserved;T248655-daily;68.1;69.9;71.2;63.8;63.0;2022-07-09
1111;2022-07-11T00:00:58+00:00;/sonometros;NoiseLevelObserved;T248655-daily;62.5;62.7;68.3;63.1;62.0;2022-07-10
1114;2022-07-14T00:00:11+00:00;/sonometros;NoiseLevelObserved;T248655-daily;66.7;68.6;68.8;64.0;59.1;2022-07-13
1118;2022-07-18T00:00:18+00:00;/sonometros;NoiseLevelObserved;T248655-daily;62.2;62.2;68.3;62.6;62.0;2022-07-17
1119;2022-07-19T00:00:20+00:00;/sonometros;NoiseLevelObserved;T248655-daily;65.2;66.9;67.8;63.6;58.9;2022-07-18
1124;2022-07-24T00:00:34+00:00;/sonometros;NoiseLevelObserved;T248655-daily;64.2;64.7;69.9;63.8;63.5;2022-07-23
1125;2022-07-25T00:00:35+00:00;/sonometros;NoiseLevelObserved;T248655-daily;63.1;62.5;69.2;67.0;62.4;2022-07-24
1127;2022-07-27T00:00:41+00:00;/sonometros;NoiseLevelObserved;T248655-daily;64.0;65.4;67.5;64.7;59.3;2022-07-26
1128;2022-07-28T00:01:44+00:00;/sonometros;NoiseLevelObserved;T248655-daily;65.2;66.7;68.1;64.4;59.6;2022-07-27
1129;2022-07-29T00:00:47+00:00;/sonometros;NoiseLevelObserved;T248655-daily;65.6;67.3;68.4;64.7;59.6;2022-07-28
1145;2022-08-14T00:00:31+00:00;/sonometros;NoiseLevelObserved;T248655-daily;61.9;62.4;67.0;63.5;60.1;2022-08-13
1146;2022-08-15T00:00:34+00:00;/sonometros;NoiseLevelObserved;T248655-daily;61.4;62.0;66.4;62.6;59.5;2022-08-14
1148;2022-08-17T00:00:38+00:00;/sonometros;NoiseLevelObserved;T248655-daily;62.8;64.1;66.3;63.6;58.1;2022-08-16
1155;2022-08-24T00:00:57+00:00;/sonometros;NoiseLevelObserved;T248655-daily;62.8;64.1;66.3;62.8;58.4;2022-08-23
1157;2022-08-26T00:00:07+00:00;/sonometros;NoiseLevelObserved;T248655-daily;63.2;64.5;66.8;63.7;58.9;2022-08-25
1158;2022-08-27T00:00:07+00:00;/sonometros;NoiseLevelObserved;T248655-daily;63.3;64.7;67.3;64.1;59.3;2022-08-26
1160;2022-08-29T00:00:19+00:00;/sonometros;NoiseLevelObserved;T248655-daily;61.8;62.1;67.9;62.6;61.3;2022-08-28
1161;2022-08-30T00:00:22+00:00;/sonometros;NoiseLevelObserved;T248655-daily;63.2;64.6;66.5;63.2;58.3;2022-08-29
1166;2022-10-03T00:00:26+00:00;/sonometros;NoiseLevelObserved;T248655-daily;64.3;64.1;70.9;62.8;64.9;2022-10-02
1174;2022-10-11T00:00:44+00:00;/sonometros;NoiseLevelObserved;T248655-daily;64.7;66.2;68.0;64.7;59.6;2022-10-10
1176;2022-10-13T00:00:50+00:00;/sonometros;NoiseLevelObserved;T248655-daily;64.2;64.4;70.3;63.3;64.1;2022-10-12
1179;2022-10-16T00:00:57+00:00;/sonometros;NoiseLevelObserved;T248655-daily;65.3;65.4;71.0;67.4;64.4;2022-10-15
1181;2022-10-18T00:00:04+00:00;/sonometros;NoiseLevelObserved;T248655-daily;64.6;66.1;67.6;63.6;59.1;2022-10-17
1182;2022-10-19T00:00:05+00:00;/sonometros;NoiseLevelObserved;T248655-daily;64.3;65.9;67.2;63.3;58.7;2022-10-18
1183;2022-10-20T00:00:22+00:00;/sonometros;NoiseLevelObserved;T248655-daily;66.7;68.6;68.8;63.8;59.1;2022-10-19
1184;2022-10-21T00:00:10+00:00;/sonometros;NoiseLevelObserved;T248655-daily;64.9;66.5;67.8;64.4;59.0;2022-10-20
1186;2022-10-23T00:00:15+00:00;/sonometros;NoiseLevelObserved;T248655-daily;65.7;65.8;71.4;67.3;64.9;2022-10-22
1188;2022-10-25T00:00:19+00:00;/sonometros;NoiseLevelObserved;T248655-daily;64.3;65.5;67.7;66.2;59.1;2022-10-24
1189;2022-10-26T00:00:21+00:00;/sonometros;NoiseLevelObserved;T248655-daily;65.1;66.8;67.6;65.1;58.1;2022-10-25
1190;2022-10-27T00:00:25+00:00;/sonometros;NoiseLevelObserved;T248655-daily;64.2;65.6;67.4;64.4;59.1;2022-10-26
1194;2022-10-31T00:00:34+00:00;/sonometros;NoiseLevelObserved;T248655-daily;64.7;64.6;71.5;63.1;65.2;2022-10-30
1196;2022-11-02T00:00:39+00:00;/sonometros;NoiseLevelObserved;T248655-daily;64.1;63.8;70.8;64.1;64.7;2022-11-01
1229;2022-11-24T07:00:21+00:00;/sonometros;NoiseLevelObserved;T248655-daily;64.74;66.6;68.27;65.27;59.05;2022-11-23
1231;2022-11-26T07:00:18+00:00;/sonometros;NoiseLevelObserved;T248655-daily;66.54;67.3;72.19;65.63;65.59;2022-11-25
1243;2022-12-08T07:00:23+00:00;/sonometros;NoiseLevelObserved;T248655-daily;65.81;66.5;71.03;66.62;63.86;2022-12-07
1244;2022-12-09T07:00:27+00:00;/sonometros;NoiseLevelObserved;T248655-daily;64.92;65.92;68.94;66.9;60.0;2022-12-08
1246;2022-12-11T07:00:25+00:00;/sonometros;NoiseLevelObserved;T248655-daily;66.18;65.77;72.01;68.74;64.84;2022-12-10
1248;2022-12-13T07:00:48+00:00;/sonometros;NoiseLevelObserved;T248655-daily;64.72;66.58;67.73;64.56;58.14;2022-12-12
1252;2022-12-17T07:00:41+00:00;/sonometros;NoiseLevelObserved;T248655-daily;66.29;65.89;72.37;68.33;65.5;2022-12-16
1254;2022-12-19T07:00:45+00:00;/sonometros;NoiseLevelObserved;T248655-daily;68.91;71.12;71.02;67.87;59.53;2022-12-18
1259;2022-12-24T07:00:31+00:00;/sonometros;NoiseLevelObserved;T248655-daily;66.83;66.53;73.29;67.52;66.89;2022-12-23
1260;2022-12-25T07:00:31+00:00;/sonometros;NoiseLevelObserved;T248655-daily;63.64;64.55;68.85;63.52;61.85;2022-12-24
1266;2022-12-31T07:00:27+00:00;/sonometros;NoiseLevelObserved;T248655-daily;65.91;67.14;70.73;65.24;63.56;2022-12-30
1269;2023-01-03T07:00:49+00:00;/sonometros;NoiseLevelObserved;T248655-daily;64.27;65.59;67.97;65.63;58.84;2023-01-02
1270;2023-01-04T07:00:51+00:00;/sonometros;NoiseLevelObserved;T248655-daily;66.36;67.75;69.75;68.01;59.76;2023-01-03
1272;2023-01-06T07:00:34+00:00;/sonometros;NoiseLevelObserved;T248655-daily;65.66;66.64;70.28;66.7;62.53;2023-01-05
1273;2023-01-07T07:00:37+00:00;/sonometros;NoiseLevelObserved;T248655-daily;63.85;64.04;69.48;65.38;62.44;2023-01-06
1274;2023-01-08T07:00:34+00:00;/sonometros;NoiseLevelObserved;T248655-daily;65.13;64.92;71.2;66.73;64.42;2023-01-07
1275;2023-01-09T07:00:42+00:00;/sonometros;NoiseLevelObserved;T248655-daily;64.19;66.12;67.33;63.2;58.35;2023-01-08
1276;2023-01-10T07:00:43+00:00;/sonometros;NoiseLevelObserved;T248655-daily;64.1;65.68;67.43;64.86;57.97;2023-01-09
1277;2023-01-11T07:00:47+00:00;/sonometros;NoiseLevelObserved;T248655-daily;64.52;65.58;68.34;66.57;58.99;2023-01-10
1283;2023-01-17T07:00:49+00:00;/sonometros;NoiseLevelObserved;T248655-daily;64.27;65.65;67.94;65.38;58.91;2023-01-16
1287;2023-01-21T07:00:21+00:00;/sonometros;NoiseLevelObserved;T248655-daily;65.52;66.47;70.66;66.18;63.41;2023-01-20
1288;2023-01-22T07:00:21+00:00;/sonometros;NoiseLevelObserved;T248655-daily;65.99;66.59;71.22;67.15;63.97;2023-01-21
1292;2023-01-26T07:00:22+00:00;/sonometros;NoiseLevelObserved;T248655-daily;64.61;66.35;67.97;64.43;59.05;2023-01-25
1294;2023-01-28T07:00:21+00:00;/sonometros;NoiseLevelObserved;T248655-daily;65.12;65.89;70.42;65.43;63.41;2023-01-27
1295;2023-01-29T07:00:22+00:00;/sonometros;NoiseLevelObserved;T248655-daily;66.3;67.11;71.61;66.92;64.52;2023-01-28
1296;2023-01-30T07:00:23+00:00;/sonometros;NoiseLevelObserved;T248655-daily;62.84;63.8;67.32;64.23;59.28;2023-01-29
1330;2023-02-01T07:00:22+00:00;/sonometros;NoiseLevelObserved;T248655-daily;64.02;65.47;67.74;64.8;58.95;2023-01-31
1331;2023-02-02T07:00:25+00:00;/sonometros;NoiseLevelObserved;T248655-daily;65.58;67.23;68.95;65.94;59.8;2023-02-01
1334;2023-02-05T07:00:23+00:00;/sonometros;NoiseLevelObserved;T248655-daily;65.23;65.28;70.77;67.33;63.5;2023-02-04
1371;2023-02-10T07:00:40+00:00;/sonometros;NoiseLevelObserved;T248655-daily;65.7;67.06;69.67;66.42;61.28;2023-02-09
1374;2023-02-13T07:00:46+00:00;/sonometros;NoiseLevelObserved;T248655-daily;65.74;67.75;68.83;64.24;59.96;2023-02-12
1376;2023-02-16T07:00:56+00:00;/sonometros;NoiseLevelObserved;T248655-daily;65.08;66.74;68.87;65.38;60.3;2023-02-15
1377;2023-02-17T07:00:52+00:00;/sonometros;NoiseLevelObserved;T248655-daily;65.81;67.31;69.58;66.22;61.02;2023-02-16
1379;2023-02-19T07:00:40+00:00;/sonometros;NoiseLevelObserved;T248655-daily;66.27;65.81;72.3;68.51;65.37;2023-02-18
1384;2023-02-25T07:00:25+00:00;/sonometros;NoiseLevelObserved;T248655-daily;66.26;67.2;71.26;66.58;64.04;2023-02-24
1385;2023-02-26T07:00:23+00:00;/sonometros;NoiseLevelObserved;T248655-daily;64.82;64.69;70.72;66.62;63.8;2023-02-25
1388;2023-03-01T07:00:42+00:00;/sonometros;NoiseLevelObserved;T248655-daily;63.63;65.05;67.37;64.44;58.61;2023-02-28
1389;2023-03-02T07:00:41+00:00;/sonometros;NoiseLevelObserved;T248655-daily;64.6;65.96;68.21;65.9;58.97;2023-03-01
1390;2023-03-03T07:00:45+00:00;/sonometros;NoiseLevelObserved;T248655-daily;64.55;65.93;68.61;64.97;60.44;2023-03-02
1394;2023-03-07T07:00:43+00:00;/sonometros;NoiseLevelObserved;T248655-daily;64.97;66.51;68.58;65.43;59.77;2023-03-06
1395;2023-03-08T07:00:37+00:00;/sonometros;NoiseLevelObserved;T248655-daily;65.37;67.13;69.12;65.89;60.31;2023-03-07
1402;2023-03-15T07:01:02+00:00;/sonometros;NoiseLevelObserved;T248655-daily;68.85;66.85;76.34;70.09;70.28;2023-03-14
1408;2023-03-21T07:00:52+00:00;/sonometros;NoiseLevelObserved;T248655-daily;65.24;67.12;68.65;63.98;60.17;2023-03-20
1414;2023-03-27T06:00:47+00:00;/sonometros;NoiseLevelObserved;T248655-daily;61.96;63.18;65.96;63.19;57.39;2023-03-26
1415;2023-03-28T06:00:51+00:00;/sonometros;NoiseLevelObserved;T248655-daily;63.57;65.04;67.43;64.0;58.99;2023-03-27
1416;2023-03-29T06:00:44+00:00;/sonometros;NoiseLevelObserved;T248655-daily;64.67;65.43;69.01;66.89;60.42;2023-03-28
1421;2023-04-03T06:00:44+00:00;/sonometros;NoiseLevelObserved;T248655-daily;63.01;64.29;67.29;63.44;59.36;2023-04-02
1424;2023-04-06T06:00:46+00:00;/sonometros;NoiseLevelObserved;T248655-daily;64.79;65.94;69.21;65.58;61.31;2023-04-05
1428;2023-04-11T06:00:42+00:00;/sonometros;NoiseLevelObserved;T248655-daily;62.83;63.58;67.74;64.1;60.18;2023-04-10
1433;2023-04-16T06:00:36+00:00;/sonometros;NoiseLevelObserved;T248655-daily;64.93;64.85;71.03;66.05;64.37;2023-04-15
1434;2023-04-17T06:00:34+00:00;/sonometros;NoiseLevelObserved;T248655-daily;64.68;63.35;69.56;69.68;59.67;2023-04-16
1503;2023-04-28T06:00:31+00:00;/sonometros;NoiseLevelObserved;T248655-daily;64.87;65.9;68.98;66.6;60.33;2023-04-27
1508;2023-05-03T06:00:30+00:00;/sonometros;NoiseLevelObserved;T248655-daily;65.24;66.62;68.72;66.63;59.18;2023-05-02
1512;2023-05-07T06:00:28+00:00;/sonometros;NoiseLevelObserved;T248655-daily;66.01;66.11;72.08;66.68;65.48;2023-05-06
1516;2023-05-11T06:00:55+00:00;/sonometros;NoiseLevelObserved;T248655-daily;64.57;65.83;68.68;65.47;60.38;2023-05-10
1522;2023-05-17T06:00:48+00:00;/sonometros;NoiseLevelObserved;T248655-daily;64.08;65.36;67.67;65.71;58.19;2023-05-16
1524;2023-05-19T06:00:45+00:00;/sonometros;NoiseLevelObserved;T248655-daily;64.68;65.78;69.17;65.49;61.35;2023-05-18
1527;2023-05-22T06:00:47+00:00;/sonometros;NoiseLevelObserved;T248655-daily;63.61;64.85;67.7;64.58;59.36;2023-05-21
1530;2023-05-25T06:00:50+00:00;/sonometros;NoiseLevelObserved;T248655-daily;65.04;66.4;68.8;66.13;59.91;2023-05-24
1543;2023-06-07T06:00:44+00:00;/sonometros;NoiseLevelObserved;T248655-daily;64.37;65.64;68.3;65.51;59.65;2023-06-06
1546;2023-06-10T06:00:37+00:00;/sonometros;NoiseLevelObserved;T248655-daily;65.05;65.73;69.94;64.94;62.84;2023-06-09
1547;2023-06-11T06:00:36+00:00;/sonometros;NoiseLevelObserved;T248655-daily;64.77;64.9;70.69;65.72;63.96;2023-06-10
1;2020-11-18T13:40:52+00:00;/sonometros;NoiseLevelObserved;T248655-daily;64.7;66.4;67.0;64.0;57.2;2020-11-17
2;2020-11-19T00:00:03+00:00;/sonometros;NoiseLevelObserved;T248655-daily;64.4;65.9;67.6;64.7;59.0;2020-11-18
5;2020-11-22T00:00:41+00:00;/sonometros;NoiseLevelObserved;T248655-daily;64.5;65.8;68.0;65.9;59.7;2020-11-21
7;2020-11-24T00:00:45+00:00;/sonometros;NoiseLevelObserved;T248655-daily;63.9;65.5;66.4;64.0;57.0;2020-11-23
9;2020-11-26T00:00:50+00:00;/sonometros;NoiseLevelObserved;T248655-daily;64.4;66.1;67.1;64.4;57.8;2020-11-25
12;2020-09-20T00:00:25+00:00;/sonometros;NoiseLevelObserved;T248655-daily;63.2;64.1;67.5;65.1;59.9;2020-09-19
18;2020-09-26T00:00:41+00:00;/sonometros;NoiseLevelObserved;T248655-daily;65.0;66.7;67.7;63.5;58.9;2020-09-25
19;2020-09-27T00:00:42+00:00;/sonometros;NoiseLevelObserved;T248655-daily;62.8;63.9;67.0;63.9;59.5;2020-09-26
21;2020-09-29T00:00:47+00:00;/sonometros;NoiseLevelObserved;T248655-daily;65.1;66.9;67.3;64.3;57.3;2020-09-28
24;2020-10-02T00:00:55+00:00;/sonometros;NoiseLevelObserved;T248655-daily;64.0;65.6;67.1;62.6;58.8;2020-10-01
27;2020-10-05T00:00:02+00:00;/sonometros;NoiseLevelObserved;T248655-daily;62.7;63.6;67.3;62.7;60.3;2020-10-04
28;2020-10-06T00:00:05+00:00;/sonometros;NoiseLevelObserved;T248655-daily;64.1;65.8;66.7;62.6;57.8;2020-10-05
29;2020-10-07T00:00:12+00:00;/sonometros;NoiseLevelObserved;T248655-daily;64.2;65.9;67.1;63.3;58.3;2020-10-06
30;2020-10-08T00:00:09+00:00;/sonometros;NoiseLevelObserved;T248655-daily;63.8;65.2;66.8;64.5;58.1;2020-10-07
36;2020-10-14T00:00:23+00:00;/sonometros;NoiseLevelObserved;T248655-daily;64.4;66.0;67.4;62.9;59.1;2020-10-13
40;2020-10-18T00:00:49+00:00;/sonometros;NoiseLevelObserved;T248655-daily;64.5;65.0;68.8;68.1;60.9;2020-10-17
47;2020-10-25T00:00:07+00:00;/sonometros;NoiseLevelObserved;T248655-daily;64.6;64.8;70.6;64.8;64.3;2020-10-24
49;2020-10-27T00:00:11+00:00;/sonometros;NoiseLevelObserved;T248655-daily;65.6;67.5;67.2;63.7;56.2;2020-10-26
50;2020-10-28T00:00:13+00:00;/sonometros;NoiseLevelObserved;T248655-daily;65.9;67.9;67.4;62.8;56.2;2020-10-27
54;2020-11-01T00:00:22+00:00;/sonometros;NoiseLevelObserved;T248655-daily;64.9;66.4;68.0;64.8;59.5;2020-10-31
57;2020-11-04T00:00:29+00:00;/sonometros;NoiseLevelObserved;T248655-daily;65.8;67.7;67.6;63.1;57.2;2020-11-03
62;2020-11-09T00:00:38+00:00;/sonometros;NoiseLevelObserved;T248655-daily;62.7;63.9;66.5;63.1;58.8;2020-11-08
65;2020-11-12T00:00:45+00:00;/sonometros;NoiseLevelObserved;T248655-daily;64.6;66.1;67.8;64.0;59.5;2020-11-11
69;2020-11-16T00:00:54+00:00;/sonometros;NoiseLevelObserved;T248655-daily;63.3;63.5;69.3;62.4;63.1;2020-11-15
73;2020-11-29T00:00:56+00:00;/sonometros;NoiseLevelObserved;T248655-daily;65.0;66.4;68.5;65.3;60.3;2020-11-28
74;2020-11-30T00:01:58+00:00;/sonometros;NoiseLevelObserved;T248655-daily;62.2;63.3;66.0;63.0;58.3;2020-11-29
76;2020-12-02T00:00:05+00:00;/sonometros;NoiseLevelObserved;T248655-daily;72.0;74.1;72.8;68.1;58.1;2020-12-01
81;2020-12-07T00:00:14+00:00;/sonometros;NoiseLevelObserved;T248655-daily;62.7;63.9;66.6;63.7;58.8;2020-12-06
83;2020-12-09T00:00:18+00:00;/sonometros;NoiseLevelObserved;T248655-daily;61.8;63.2;64.8;62.4;56.1;2020-12-08
84;2020-12-10T00:00:20+00:00;/sonometros;NoiseLevelObserved;T248655-daily;64.6;66.4;66.8;63.0;57.0;2020-12-09
89;2020-12-15T00:00:43+00:00;/sonometros;NoiseLevelObserved;T248655-daily;65.1;66.6;67.9;65.5;58.8;2020-12-14
91;2020-12-17T00:00:46+00:00;/sonometros;NoiseLevelObserved;T248655-daily;65.4;67.1;67.8;65.1;58.1;2020-12-16
95;2020-12-21T00:00:55+00:00;/sonometros;NoiseLevelObserved;T248655-daily;63.4;65.0;65.9;62.9;56.5;2020-12-20
96;2020-12-22T00:00:57+00:00;/sonometros;NoiseLevelObserved;T248655-daily;66.1;68.0;68.1;64.0;57.9;2020-12-21
97;2020-12-23T00:00:02+00:00;/sonometros;NoiseLevelObserved;T248655-daily;65.0;66.7;67.5;64.6;58.0;2020-12-22
99;2020-12-25T00:00:13+00:00;/sonometros;NoiseLevelObserved;T248655-daily;64.3;66.0;67.8;59.4;60.2;2020-12-24
100;2020-12-26T00:00:10+00:00;/sonometros;NoiseLevelObserved;T248655-daily;62.3;63.9;64.8;63.1;55.1;2020-12-25
103;2020-12-29T00:00:44+00:00;/sonometros;NoiseLevelObserved;T248655-daily;63.8;65.6;66.7;63.6;57.4;2020-12-28
106;2021-01-01T00:00:50+00:00;/sonometros;NoiseLevelObserved;T248655-daily;63.6;65.0;66.9;62.9;58.9;2020-12-31
115;2021-01-10T00:00:16+00:00;/sonometros;NoiseLevelObserved;T248655-daily;65.2;66.9;67.6;64.6;58.2;2021-01-09
124;2021-01-19T00:00:26+00:00;/sonometros;NoiseLevelObserved;T248655-daily;64.3;66.1;66.2;63.2;55.8;2021-01-18
125;2021-01-20T00:00:27+00:00;/sonometros;NoiseLevelObserved;T248655-daily;64.8;66.6;66.9;63.6;57.0;2021-01-19
128;2021-01-23T00:00:33+00:00;/sonometros;NoiseLevelObserved;T248655-daily;77.7;80.0;77.7;62.5;51.8;2021-01-22
133;2021-01-28T00:00:44+00:00;/sonometros;NoiseLevelObserved;T248655-daily;66.8;68.9;67.9;60.8;56.0;2021-01-27
136;2021-01-31T00:00:52+00:00;/sonometros;NoiseLevelObserved;T248655-daily;61.7;63.4;64.1;61.0;54.6;2021-01-30
137;2021-02-01T00:00:53+00:00;/sonometros;NoiseLevelObserved;T248655-daily;60.5;61.9;63.5;61.3;54.6;2021-01-31
138;2021-02-02T00:00:56+00:00;/sonometros;NoiseLevelObserved;T248655-daily;65.3;67.4;66.6;60.9;54.8;2021-02-01
145;2021-02-09T00:00:26+00:00;/sonometros;NoiseLevelObserved;T248655-daily;64.6;66.4;66.9;61.6;57.6;2021-02-08
147;2021-02-11T00:00:15+00:00;/sonometros;NoiseLevelObserved;T248655-daily;65.3;67.2;67.2;63.2;56.8;2021-02-10
148;2021-02-12T00:00:18+00:00;/sonometros;NoiseLevelObserved;T248655-daily;65.3;67.3;66.9;62.0;56.0;2021-02-11
152;2021-02-16T00:00:26+00:00;/sonometros;NoiseLevelObserved;T248655-daily;66.1;67.9;68.5;61.9;59.7;2021-02-15
160;2021-03-22T00:00:26+00:00;/sonometros;NoiseLevelObserved;T248655-daily;61.8;63.5;64.3;62.0;54.5;2021-03-21
162;2021-03-24T00:00:30+00:00;/sonometros;NoiseLevelObserved;T248655-daily;67.1;69.2;68.5;62.8;57.0;2021-03-23
163;2021-03-25T00:00:32+00:00;/sonometros;NoiseLevelObserved;T248655-daily;67.2;69.2;68.8;62.8;58.2;2021-03-24
164;2021-03-26T00:00:36+00:00;/sonometros;NoiseLevelObserved;T248655-daily;65.9;67.8;67.7;63.8;57.2;2021-03-25
165;2021-03-27T00:00:36+00:00;/sonometros;NoiseLevelObserved;T248655-daily;66.1;67.9;68.3;64.1;58.7;2021-03-26
168;2021-03-30T00:00:43+00:00;/sonometros;NoiseLevelObserved;T248655-daily;66.5;68.4;68.6;63.9;58.9;2021-03-29
170;2021-04-01T00:00:48+00:00;/sonometros;NoiseLevelObserved;T248655-daily;66.6;68.5;68.3;64.3;57.6;2021-03-31
171;2021-04-02T00:00:50+00:00;/sonometros;NoiseLevelObserved;T248655-daily;64.9;66.8;66.5;63.9;55.0;2021-04-01
181;2021-04-12T00:00:15+00:00;/sonometros;NoiseLevelObserved;T248655-daily;62.3;63.8;64.9;63.6;55.2;2021-04-11
185;2021-04-16T00:00:26+00:00;/sonometros;NoiseLevelObserved;T248655-daily;68.7;70.8;69.6;63.3;56.5;2021-04-15
189;2021-04-20T00:00:28+00:00;/sonometros;NoiseLevelObserved;T248655-daily;66.3;68.3;67.9;63.5;57.0;2021-04-19
190;2021-04-21T00:01:30+00:00;/sonometros;NoiseLevelObserved;T248655-daily;66.2;68.0;68.4;63.5;58.9;2021-04-20
191;2021-04-22T00:00:33+00:00;/sonometros;NoiseLevelObserved;T248655-daily;66.3;68.1;68.4;64.9;58.6;2021-04-21
195;2021-04-26T00:00:42+00:00;/sonometros;NoiseLevelObserved;T248655-daily;63.4;64.7;66.7;64.0;58.3;2021-04-25
200;2021-05-01T00:00:40+00:00;/sonometros;NoiseLevelObserved;T248655-daily;65.7;67.3;67.9;66.0;57.6;2021-04-30
201;2021-05-02T00:00:14+00:00;/sonometros;NoiseLevelObserved;T248655-daily;63.5;64.8;66.3;65.8;56.4;2021-05-01
202;2021-05-03T00:00:13+00:00;/sonometros;NoiseLevelObserved;T248655-daily;63.4;65.0;65.6;64.4;55.0;2021-05-02
205;2021-05-06T00:00:21+00:00;/sonometros;NoiseLevelObserved;T248655-daily;65.8;67.5;68.0;65.1;58.1;2021-05-05
210;2021-05-11T00:00:29+00:00;/sonometros;NoiseLevelObserved;T248655-daily;64.9;66.7;67.1;63.8;57.2;2021-05-10
216;2021-05-17T00:00:46+00:00;/sonometros;NoiseLevelObserved;T248655-daily;61.8;63.1;65.2;62.5;57.0;2021-05-16
217;2021-05-18T00:00:47+00:00;/sonometros;NoiseLevelObserved;T248655-daily;65.9;67.8;67.8;64.2;57.2;2021-05-17
220;2021-05-21T00:00:56+00:00;/sonometros;NoiseLevelObserved;T248655-daily;65.6;67.3;67.9;64.8;58.4;2021-05-20
221;2021-05-22T00:00:57+00:00;/sonometros;NoiseLevelObserved;T248655-daily;65.3;66.7;68.7;65.9;60.4;2021-05-21
225;2021-05-26T00:00:08+00:00;/sonometros;NoiseLevelObserved;T248655-daily;65.3;66.8;67.8;67.1;57.5;2021-05-25
226;2021-05-27T00:00:10+00:00;/sonometros;NoiseLevelObserved;T248655-daily;65.3;66.9;67.8;64.9;58.5;2021-05-26
229;2021-05-30T00:00:17+00:00;/sonometros;NoiseLevelObserved;T248655-daily;64.7;65.8;68.5;67.2;60.1;2021-05-29
230;2021-05-31T00:00:19+00:00;/sonometros;NoiseLevelObserved;T248655-daily;62.6;63.5;67.0;63.4;59.8;2021-05-30
234;2021-06-04T00:00:28+00:00;/sonometros;NoiseLevelObserved;T248655-daily;65.0;66.6;68.0;64.1;59.5;2021-06-03
235;2021-06-05T00:00:29+00:00;/sonometros;NoiseLevelObserved;T248655-daily;65.9;67.4;69.0;66.0;60.4;2021-06-04
237;2021-06-07T00:00:34+00:00;/sonometros;NoiseLevelObserved;T248655-daily;63.2;63.9;67.9;64.7;60.8;2021-06-06
239;2021-06-09T00:00:39+00:00;/sonometros;NoiseLevelObserved;T248655-daily;65.1;66.8;67.5;64.1;58.2;2021-06-08
241;2021-06-11T00:00:45+00:00;/sonometros;NoiseLevelObserved;T248655-daily;65.8;67.4;68.5;65.1;59.6;2021-06-10
243;2021-06-13T00:00:51+00:00;/sonometros;NoiseLevelObserved;T248655-daily;64.2;64.8;69.3;65.4;62.5;2021-06-12
244;2021-06-14T00:00:51+00:00;/sonometros;NoiseLevelObserved;T248655-daily;62.9;63.6;68.1;62.9;61.4;2021-06-13
247;2021-06-17T00:00:08+00:00;/sonometros;NoiseLevelObserved;T248655-daily;66.2;68.0;68.1;64.1;57.9;2021-06-16
248;2021-06-18T00:00:21+00:00;/sonometros;NoiseLevelObserved;T248655-daily;67.0;68.8;69.2;63.6;60.0;2021-06-17
251;2021-06-21T00:00:44+00:00;/sonometros;NoiseLevelObserved;T248655-daily;63.0;63.5;68.5;62.8;62.0;2021-06-20
254;2021-08-27T00:00:43+00:00;/sonometros;NoiseLevelObserved;T248655-daily;65.1;66.8;67.9;63.7;59.2;2021-08-26
255;2021-08-28T00:01:47+00:00;/sonometros;NoiseLevelObserved;T248655-daily;63.2;64.6;66.5;63.2;58.3;2021-08-27
256;2021-08-29T00:00:51+00:00;/sonometros;NoiseLevelObserved;T248655-daily;62.3;63.2;66.9;63.5;59.6;2021-08-28
259;2021-09-01T00:00:57+00:00;/sonometros;NoiseLevelObserved;T248655-daily;65.9;67.5;68.4;66.3;58.7;2021-08-31
262;2021-09-04T00:14:36+00:00;/sonometros;NoiseLevelObserved;T248655-daily;67.1;66.9;72.7;71.2;65.7;2021-09-03
263;2021-09-05T00:00:43+00:00;/sonometros;NoiseLevelObserved;T248655-daily;73.9;73.9;78.3;79.4;69.6;2021-09-04
264;2021-09-06T00:00:15+00:00;/sonometros;NoiseLevelObserved;T248655-daily;75.7;75.6;80.3;81.3;71.8;2021-09-05
269;2021-09-11T00:00:22+00:00;/sonometros;NoiseLevelObserved;T248655-daily;65.0;66.3;68.9;65.1;61.2;2021-09-10
270;2021-09-12T00:00:24+00:00;/sonometros;NoiseLevelObserved;T248655-daily;64.6;65.0;70.0;65.3;63.4;2021-09-11
271;2021-09-13T00:00:29+00:00;/sonometros;NoiseLevelObserved;T248655-daily;63.2;63.2;69.2;64.0;62.9;2021-09-12
311;2021-09-21T00:00:48+00:00;/sonometros;NoiseLevelObserved;T248655-daily;65.6;67.4;68.0;64.9;58.4;2021-09-20
345;2021-09-23T00:00:54+00:00;/sonometros;NoiseLevelObserved;T248655-daily;65.1;66.7;68.1;64.3;59.5;2021-09-22
347;2021-09-25T00:00:57+00:00;/sonometros;NoiseLevelObserved;T248655-daily;65.1;66.4;68.8;65.8;60.8;2021-09-24
348;2021-09-26T00:00:03+00:00;/sonometros;NoiseLevelObserved;T248655-daily;65.5;66.2;70.4;67.3;63.3;2021-09-25
383;2021-09-29T00:00:08+00:00;/sonometros;NoiseLevelObserved;T248655-daily;65.3;66.9;68.1;64.0;59.5;2021-09-28
387;2021-10-03T00:00:18+00:00;/sonometros;NoiseLevelObserved;T248655-daily;66.0;66.3;71.5;67.3;64.8;2021-10-02
393;2021-10-09T00:00:32+00:00;/sonometros;NoiseLevelObserved;T248655-daily;65.9;67.2;69.3;66.3;61.1;2021-10-08
394;2021-10-10T00:00:35+00:00;/sonometros;NoiseLevelObserved;T248655-daily;65.0;64.7;71.2;67.1;64.8;2021-10-09
397;2021-10-13T00:01:42+00:00;/sonometros;NoiseLevelObserved;T248655-daily;63.1;63.5;68.8;63.0;62.4;2021-10-12
431;2021-10-15T00:00:46+00:00;/sonometros;NoiseLevelObserved;T248655-daily;65.4;67.1;68.0;64.5;59.0;2021-10-14
437;2021-10-21T00:00:03+00:00;/sonometros;NoiseLevelObserved;T248655-daily;66.5;68.3;68.8;64.0;59.6;2021-10-20
444;2021-10-28T00:00:18+00:00;/sonometros;NoiseLevelObserved;T248655-daily;67.7;69.6;69.4;64.1;59.1;2021-10-27
478;2021-10-30T00:00:23+00:00;/sonometros;NoiseLevelObserved;T248655-daily;65.9;67.3;69.3;65.9;61.2;2021-10-29
545;2021-11-02T09:11:30+00:00;/sonometros;NoiseLevelObserved;T248655-daily;64.2;64.6;70.0;62.2;63.8;2021-11-01
678;2021-11-07T00:00:40+00:00;/sonometros;NoiseLevelObserved;T248655-daily;64.4;64.8;69.5;66.9;62.4;2021-11-06
680;2021-11-09T00:00:46+00:00;/sonometros;NoiseLevelObserved;T248655-daily;65.3;66.9;68.0;64.4;59.1;2021-11-08
681;2021-11-10T00:01:47+00:00;/sonometros;NoiseLevelObserved;T248655-daily;64.8;66.6;67.3;63.2;58.1;2021-11-09
714;2021-11-11T00:00:49+00:00;/sonometros;NoiseLevelObserved;T248655-daily;64.9;66.4;68.0;63.8;59.7;2021-11-10
718;2021-11-15T00:00:00+00:00;/sonometros;NoiseLevelObserved;T248655-daily;64.9;65.2;71.0;62.4;64.8;2021-11-14
725;2021-11-22T00:00:15+00:00;/sonometros;NoiseLevelObserved;T248655-daily;64.9;65.1;71.0;63.6;64.8;2021-11-21
765;2021-11-30T00:00:31+00:00;/sonometros;NoiseLevelObserved;T248655-daily;64.7;66.4;67.5;63.5;58.7;2021-11-29
768;2021-12-03T00:00:37+00:00;/sonometros;NoiseLevelObserved;T248655-daily;65.6;67.3;68.5;63.6;60.0;2021-12-02
775;2021-12-10T00:00:54+00:00;/sonometros;NoiseLevelObserved;T248655-daily;65.7;67.4;68.6;64.1;60.0;2021-12-09
777;2021-12-12T00:00:56+00:00;/sonometros;NoiseLevelObserved;T248655-daily;65.7;66.2;70.7;67.5;63.8;2021-12-11
778;2021-12-13T00:00:59+00:00;/sonometros;NoiseLevelObserved;T248655-daily;64.8;65.1;70.7;64.1;64.4;2021-12-12
816;2021-12-19T00:00:12+00:00;/sonometros;NoiseLevelObserved;T248655-daily;66.4;66.6;71.7;68.8;64.9;2021-12-18
817;2021-12-20T00:00:13+00:00;/sonometros;NoiseLevelObserved;T248655-daily;65.1;65.2;71.4;64.5;65.2;2021-12-19
819;2021-12-22T00:00:18+00:00;/sonometros;NoiseLevelObserved;T248655-daily;65.6;67.2;68.4;64.5;59.6;2021-12-21
821;2021-12-24T00:00:21+00:00;/sonometros;NoiseLevelObserved;T248655-daily;66.8;68.3;70.5;65.0;62.9;2021-12-23
825;2021-12-28T00:00:30+00:00;/sonometros;NoiseLevelObserved;T248655-daily;66.5;68.4;68.6;64.4;58.6;2021-12-27
829;2022-01-06T00:00:50+00:00;/sonometros;NoiseLevelObserved;T248655-daily;64.1;65.6;67.3;64.0;59.0;2022-01-05
831;2022-01-08T00:00:54+00:00;/sonometros;NoiseLevelObserved;T248655-daily;64.2;65.6;67.5;64.7;59.2;2022-01-07
835;2022-01-12T00:00:04+00:00;/sonometros;NoiseLevelObserved;T248655-daily;65.7;67.3;68.3;64.1;59.4;2022-01-11
844;2022-01-21T00:00:21+00:00;/sonometros;NoiseLevelObserved;T248655-daily;65.2;66.7;68.3;65.7;59.7;2022-01-20
847;2022-01-24T00:00:27+00:00;/sonometros;NoiseLevelObserved;T248655-daily;65.5;66.6;70.3;64.1;63.4;2022-01-23
884;2022-01-29T00:00:48+00:00;/sonometros;NoiseLevelObserved;T248655-daily;65.5;66.9;68.8;66.4;60.4;2022-01-28
886;2022-01-31T00:00:44+00:00;/sonometros;NoiseLevelObserved;T248655-daily;63.6;63.7;69.7;63.3;63.5;2022-01-30
890;2022-02-04T00:00:52+00:00;/sonometros;NoiseLevelObserved;T248655-daily;69.2;71.2;70.7;66.4;59.6;2022-02-03
897;2022-02-11T00:00:08+00:00;/sonometros;NoiseLevelObserved;T248655-daily;67.0;68.9;69.0;64.7;59.0;2022-02-10
898;2022-02-12T00:00:09+00:00;/sonometros;NoiseLevelObserved;T248655-daily;66.4;67.6;70.2;65.9;62.6;2022-02-11
901;2022-02-15T00:00:15+00:00;/sonometros;NoiseLevelObserved;T248655-daily;65.7;67.5;67.9;63.6;58.4;2022-02-14
902;2022-02-16T00:00:16+00:00;/sonometros;NoiseLevelObserved;T248655-daily;65.6;67.3;68.4;62.4;60.0;2022-02-15
903;2022-02-17T00:00:22+00:00;/sonometros;NoiseLevelObserved;T248655-daily;65.3;67.2;67.7;62.9;58.4;2022-02-16
906;2022-02-20T00:00:26+00:00;/sonometros;NoiseLevelObserved;T248655-daily;65.8;66.3;71.1;67.2;64.3;2022-02-19
908;2022-02-22T00:00:30+00:00;/sonometros;NoiseLevelObserved;T248655-daily;64.8;66.5;67.3;62.2;58.5;2022-02-21
911;2022-02-25T00:00:36+00:00;/sonometros;NoiseLevelObserved;T248655-daily;65.9;67.4;68.9;64.8;60.5;2022-02-24
912;2022-02-26T00:00:48+00:00;/sonometros;NoiseLevelObserved;T248655-daily;66.7;68.1;70.1;66.2;62.0;2022-02-25
919;2022-03-05T00:00:53+00:00;/sonometros;NoiseLevelObserved;T248655-daily;66.8;67.9;71.2;66.2;64.0;2022-03-04
920;2022-03-06T00:00:56+00:00;/sonometros;NoiseLevelObserved;T248655-daily;72.0;72.6;77.5;69.2;71.1;2022-03-05
956;2022-03-10T00:00:08+00:00;/sonometros;NoiseLevelObserved;T248655-daily;66.9;68.6;69.2;65.7;59.8;2022-03-09
957;2022-03-11T00:00:09+00:00;/sonometros;NoiseLevelObserved;T248655-daily;67.0;67.6;72.1;67.4;65.4;2022-03-10
958;2022-03-12T00:00:10+00:00;/sonometros;NoiseLevelObserved;T248655-daily;67.6;67.7;73.0;70.6;66.1;2022-03-11
960;2022-03-14T00:00:13+00:00;/sonometros;NoiseLevelObserved;T248655-daily;71.5;69.8;79.1;72.4;73.3;2022-03-13
961;2022-03-15T00:00:18+00:00;/sonometros;NoiseLevelObserved;T248655-daily;66.9;68.6;69.6;65.0;60.8;2022-03-14
963;2022-03-17T00:00:21+00:00;/sonometros;NoiseLevelObserved;T248655-daily;74.5;70.0;81.4;82.0;74.3;2022-03-16
964;2022-03-18T00:00:24+00:00;/sonometros;NoiseLevelObserved;T248655-daily;72.4;70.5;79.0;77.7;72.4;2022-03-17
976;2022-03-30T00:00:47+00:00;/sonometros;NoiseLevelObserved;T248655-daily;65.5;67.1;68.4;64.7;59.7;2022-03-29
977;2022-03-31T00:00:51+00:00;/sonometros;NoiseLevelObserved;T248655-daily;65.4;66.8;68.6;65.3;60.3;2022-03-30
984;2022-04-07T00:00:05+00:00;/sonometros;NoiseLevelObserved;T248655-daily;66.2;67.8;69.0;64.6;60.4;2022-04-06
986;2022-04-09T00:00:10+00:00;/sonometros;NoiseLevelObserved;T248655-daily;65.4;66.7;69.2;65.6;61.5;2022-04-08
988;2022-04-11T00:00:14+00:00;/sonometros;NoiseLevelObserved;T248655-daily;65.9;66.6;71.3;63.9;64.8;2022-04-10
989;2022-04-12T00:00:16+00:00;/sonometros;NoiseLevelObserved;T248655-daily;65.1;66.7;67.9;64.3;59.2;2022-04-11
990;2022-04-13T00:00:19+00:00;/sonometros;NoiseLevelObserved;T248655-daily;65.6;67.2;68.3;64.6;59.4;2022-04-12
992;2022-04-15T00:00:22+00:00;/sonometros;NoiseLevelObserved;T248655-daily;64.8;64.8;69.9;68.8;62.5;2022-04-14
996;2022-04-19T00:00:32+00:00;/sonometros;NoiseLevelObserved;T248655-daily;62.6;63.6;66.8;63.6;59.4;2022-04-18
1002;2022-04-25T00:00:45+00:00;/sonometros;NoiseLevelObserved;T248655-daily;63.5;63.2;70.0;63.1;64.0;2022-04-24
1015;2022-05-08T00:00:17+00:00;/sonometros;NoiseLevelObserved;T248655-daily;68.6;69.8;72.6;68.0;65.2;2022-05-07
1019;2022-05-12T00:00:24+00:00;/sonometros;NoiseLevelObserved;T248655-daily;66.0;67.8;68.5;64.1;59.3;2022-05-11
1022;2022-05-15T00:00:32+00:00;/sonometros;NoiseLevelObserved;T248655-daily;65.7;66.2;71.1;66.8;64.4;2022-05-14
1023;2022-05-16T00:00:34+00:00;/sonometros;NoiseLevelObserved;T248655-daily;63.2;62.9;69.8;63.1;63.7;2022-05-15
1025;2022-05-18T00:00:40+00:00;/sonometros;NoiseLevelObserved;T248655-daily;65.3;67.0;67.8;64.3;58.5;2022-05-17
1059;2022-05-20T00:00:46+00:00;/sonometros;NoiseLevelObserved;T248655-daily;66.2;67.9;68.6;64.3;59.5;2022-05-19
1060;2022-05-21T00:00:47+00:00;/sonometros;NoiseLevelObserved;T248655-daily;67.5;69.2;70.2;65.9;61.3;2022-05-20
1062;2022-05-23T00:00:51+00:00;/sonometros;NoiseLevelObserved;T248655-daily;64.0;63.9;70.2;65.2;63.9;2022-05-22
1064;2022-05-25T00:00:57+00:00;/sonometros;NoiseLevelObserved;T248655-daily;68.6;70.7;69.9;63.1;58.6;2022-05-24
1065;2022-05-26T00:00:06+00:00;/sonometros;NoiseLevelObserved;T248655-daily;66.0;67.7;68.4;64.4;59.3;2022-05-25
1069;2022-05-30T00:00:20+00:00;/sonometros;NoiseLevelObserved;T248655-daily;63.7;63.9;69.7;63.1;63.5;2022-05-29
1082;2022-06-12T00:00:44+00:00;/sonometros;NoiseLevelObserved;T248655-daily;63.9;63.8;69.9;65.7;63.5;2022-06-11
1087;2022-06-17T00:00:57+00:00;/sonometros;NoiseLevelObserved;T248655-daily;65.0;66.7;67.7;64.5;58.5;2022-06-16
1088;2022-06-18T00:00:58+00:00;/sonometros;NoiseLevelObserved;T248655-daily;66.0;67.6;68.7;66.0;59.5;2022-06-17
1090;2022-06-20T00:00:04+00:00;/sonometros;NoiseLevelObserved;T248655-daily;63.5;63.3;69.8;63.2;63.8;2022-06-19
1097;2022-06-27T00:00:21+00:00;/sonometros;NoiseLevelObserved;T248655-daily;63.1;62.9;69.5;63.3;63.3;2022-06-26
1099;2022-06-29T00:00:27+00:00;/sonometros;NoiseLevelObserved;T248655-daily;66.8;68.6;68.8;64.3;58.9;2022-06-28
1102;2022-07-02T00:02:34+00:00;/sonometros;NoiseLevelObserved;T248655-daily;69.1;71.1;71.2;64.8;61.7;2022-07-01
1104;2022-07-04T00:00:39+00:00;/sonometros;NoiseLevelObserved;T248655-daily;62.9;62.6;69.4;63.1;63.4;2022-07-03
1107;2022-07-07T00:00:47+00:00;/sonometros;NoiseLevelObserved;T248655-daily;68.6;70.6;70.0;64.2;58.8;2022-07-06
1109;2022-07-09T00:00:53+00:00;/sonometros;NoiseLevelObserved;T248655-daily;70.9;73.1;72.4;66.6;61.3;2022-07-08
1112;2022-07-12T00:00:01+00:00;/sonometros;NoiseLevelObserved;T248655-daily;67.2;69.1;69.1;64.0;59.1;2022-07-11
1113;2022-07-13T00:01:05+00:00;/sonometros;NoiseLevelObserved;T248655-daily;65.8;67.6;68.0;64.8;58.0;2022-07-12
1116;2022-07-16T00:00:13+00:00;/sonometros;NoiseLevelObserved;T248655-daily;66.4;68.3;69.4;64.1;60.7;2022-07-15
1120;2022-07-20T00:00:22+00:00;/sonometros;NoiseLevelObserved;T248655-daily;66.4;68.5;68.1;64.5;57.1;2022-07-19
1121;2022-07-21T00:00:26+00:00;/sonometros;NoiseLevelObserved;T248655-daily;66.5;68.2;69.2;64.2;60.5;2022-07-20
1122;2022-07-22T00:00:28+00:00;/sonometros;NoiseLevelObserved;T248655-daily;65.4;66.8;68.5;65.7;60.0;2022-07-21
1130;2022-07-30T00:00:49+00:00;/sonometros;NoiseLevelObserved;T248655-daily;64.9;66.1;68.9;65.0;61.3;2022-07-29
1132;2022-08-01T00:00:55+00:00;/sonometros;NoiseLevelObserved;T248655-daily;62.6;62.3;69.0;64.3;62.8;2022-07-31
1133;2022-08-02T00:00:01+00:00;/sonometros;NoiseLevelObserved;T248655-daily;63.4;64.8;67.0;64.8;58.4;2022-08-01
1135;2022-08-04T00:00:07+00:00;/sonometros;NoiseLevelObserved;T248655-daily;64.0;65.5;67.1;64.3;58.4;2022-08-03
1137;2022-08-06T00:00:10+00:00;/sonometros;NoiseLevelObserved;T248655-daily;63.7;64.8;67.8;64.1;60.3;2022-08-05
1141;2022-08-10T00:00:28+00:00;/sonometros;NoiseLevelObserved;T248655-daily;62.9;64.4;66.4;63.9;57.8;2022-08-09
1142;2022-08-11T00:01:21+00:00;/sonometros;NoiseLevelObserved;T248655-daily;65.6;67.1;69.7;62.9;62.1;2022-08-10
1143;2022-08-12T00:00:26+00:00;/sonometros;NoiseLevelObserved;T248655-daily;63.1;64.3;67.1;64.0;59.2;2022-08-11
1149;2022-08-18T00:00:41+00:00;/sonometros;NoiseLevelObserved;T248655-daily;62.3;63.7;66.4;63.0;58.4;2022-08-17
1151;2022-08-20T00:00:45+00:00;/sonometros;NoiseLevelObserved;T248655-daily;62.9;64.1;66.9;63.4;59.3;2022-08-19
1153;2022-08-22T00:00:51+00:00;/sonometros;NoiseLevelObserved;T248655-daily;61.3;61.9;66.5;63.0;59.4;2022-08-21
1163;2022-09-30T00:00:19+00:00;/sonometros;NoiseLevelObserved;T248655-daily;63.7;65.0;67.3;64.2;59.2;2022-09-29
1168;2022-10-05T00:00:30+00:00;/sonometros;NoiseLevelObserved;T248655-daily;65.4;67.0;68.0;65.1;58.9;2022-10-04
1169;2022-10-06T00:00:32+00:00;/sonometros;NoiseLevelObserved;T248655-daily;65.4;67.2;67.9;63.9;58.6;2022-10-05
1177;2022-10-14T00:01:52+00:00;/sonometros;NoiseLevelObserved;T248655-daily;65.5;67.2;68.3;64.5;59.5;2022-10-13
1178;2022-10-15T00:00:55+00:00;/sonometros;NoiseLevelObserved;T248655-daily;66.3;67.8;69.5;65.3;61.4;2022-10-14
1180;2022-10-17T00:00:00+00:00;/sonometros;NoiseLevelObserved;T248655-daily;64.9;64.9;71.1;63.8;65.0;2022-10-16
1185;2022-10-22T00:00:19+00:00;/sonometros;NoiseLevelObserved;T248655-daily;64.8;66.0;68.6;64.9;60.9;2022-10-21
1191;2022-10-28T00:00:26+00:00;/sonometros;NoiseLevelObserved;T248655-daily;64.8;66.3;67.9;64.6;59.5;2022-10-27
1193;2022-10-30T00:00:31+00:00;/sonometros;NoiseLevelObserved;T248655-daily;65.9;66.1;71.6;67.3;65.1;2022-10-29
1234;2022-11-29T07:00:20+00:00;/sonometros;NoiseLevelObserved;T248655-daily;64.49;66.17;67.75;64.86;58.38;2022-11-28
1236;2022-12-01T07:00:23+00:00;/sonometros;NoiseLevelObserved;T248655-daily;65.32;66.56;69.54;67.54;60.54;2022-11-30
1238;2022-12-03T07:00:22+00:00;/sonometros;NoiseLevelObserved;T248655-daily;66.43;66.6;72.23;67.63;65.38;2022-12-02
1240;2022-12-05T07:00:24+00:00;/sonometros;NoiseLevelObserved;T248655-daily;63.46;64.42;68.14;64.44;60.45;2022-12-04
1242;2022-12-07T07:00:32+00:00;/sonometros;NoiseLevelObserved;T248655-daily;65.44;67.35;68.58;64.66;59.52;2022-12-06
1245;2022-12-10T07:00:23+00:00;/sonometros;NoiseLevelObserved;T248655-daily;67.65;69.24;71.67;65.76;64.12;2022-12-09
1249;2022-12-14T07:00:48+00:00;/sonometros;NoiseLevelObserved;T248655-daily;65.2;66.83;68.48;65.79;59.02;2022-12-13
1250;2022-12-15T07:00:48+00:00;/sonometros;NoiseLevelObserved;T248655-daily;63.83;65.7;68.12;65.04;59.51;2022-12-14
1251;2022-12-16T07:00:46+00:00;/sonometros;NoiseLevelObserved;T248655-daily;65.37;66.32;69.5;67.34;60.74;2022-12-15
1258;2022-12-23T07:00:46+00:00;/sonometros;NoiseLevelObserved;T248655-daily;65.55;66.31;70.4;66.94;62.76;2022-12-22
1261;2022-12-26T07:00:33+00:00;/sonometros;NoiseLevelObserved;T248655-daily;63.28;63.15;68.19;66.72;59.7;2022-12-25
1262;2022-12-27T07:00:40+00:00;/sonometros;NoiseLevelObserved;T248655-daily;64.25;65.57;68.08;65.32;59.34;2022-12-26
1271;2023-01-05T07:00:39+00:00;/sonometros;NoiseLevelObserved;T248655-daily;64.92;66.14;69.32;65.38;61.52;2023-01-04
1280;2023-01-14T07:00:47+00:00;/sonometros;NoiseLevelObserved;T248655-daily;65.59;66.21;70.6;67.08;63.07;2023-01-13
1281;2023-01-15T07:00:47+00:00;/sonometros;NoiseLevelObserved;T248655-daily;65.67;65.96;71.09;67.35;63.86;2023-01-14
1286;2023-01-20T07:00:50+00:00;/sonometros;NoiseLevelObserved;T248655-daily;64.39;65.69;68.45;65.17;60.15;2023-01-19
1289;2023-01-23T07:00:23+00:00;/sonometros;NoiseLevelObserved;T248655-daily;62.42;63.98;66.63;62.91;58.48;2023-01-22
1290;2023-01-24T07:00:23+00:00;/sonometros;NoiseLevelObserved;T248655-daily;65.31;67.09;68.39;65.5;58.76;2023-01-23
1293;2023-01-27T07:00:22+00:00;/sonometros;NoiseLevelObserved;T248655-daily;65.32;66.88;69.03;65.54;60.47;2023-01-26
1297;2023-01-31T07:00:22+00:00;/sonometros;NoiseLevelObserved;T248655-daily;65.24;66.89;68.72;65.43;59.81;2023-01-30
1333;2023-02-04T07:00:22+00:00;/sonometros;NoiseLevelObserved;T248655-daily;65.56;66.21;70.66;66.8;63.29;2023-02-03
1335;2023-02-06T07:00:35+00:00;/sonometros;NoiseLevelObserved;T248655-daily;64.7;65.35;68.75;67.85;58.92;2023-02-05
1370;2023-02-09T07:00:37+00:00;/sonometros;NoiseLevelObserved;T248655-daily;68.51;70.1;71.07;66.54;62.05;2023-02-08
1375;2023-02-15T07:00:57+00:00;/sonometros;NoiseLevelObserved;T248655-daily;65.77;67.18;70.23;66.31;62.36;2023-02-14
1380;2023-02-20T07:00:44+00:00;/sonometros;NoiseLevelObserved;T248655-daily;63.45;64.72;67.54;64.3;59.24;2023-02-19
1381;2023-02-21T07:00:22+00:00;/sonometros;NoiseLevelObserved;T248655-daily;64.68;66.21;68.2;65.39;59.12;2023-02-20
1387;2023-02-28T07:00:41+00:00;/sonometros;NoiseLevelObserved;T248655-daily;64.45;66.12;67.88;64.54;58.94;2023-02-27
1391;2023-03-04T07:00:41+00:00;/sonometros;NoiseLevelObserved;T248655-daily;66.51;67.58;71.25;66.91;63.79;2023-03-03
1392;2023-03-05T07:00:44+00:00;/sonometros;NoiseLevelObserved;T248655-daily;69.03;69.23;74.64;70.59;67.57;2023-03-04
1396;2023-03-09T07:00:43+00:00;/sonometros;NoiseLevelObserved;T248655-daily;68.71;71.13;70.67;65.7;59.89;2023-03-08
1397;2023-03-10T07:00:43+00:00;/sonometros;NoiseLevelObserved;T248655-daily;66.19;68.06;69.4;65.55;60.41;2023-03-09
1399;2023-03-12T07:00:35+00:00;/sonometros;NoiseLevelObserved;T248655-daily;71.05;69.16;78.4;72.52;72.27;2023-03-11
1405;2023-03-18T07:00:52+00:00;/sonometros;NoiseLevelObserved;T248655-daily;77.26;73.29;85.59;77.88;79.86;2023-03-17
1407;2023-03-20T07:00:57+00:00;/sonometros;NoiseLevelObserved;T248655-daily;77.44;75.53;82.33;82.91;71.8;2023-03-19
1410;2023-03-23T07:00:42+00:00;/sonometros;NoiseLevelObserved;T248655-daily;65.3;66.36;69.36;67.04;60.61;2023-03-22
1411;2023-03-24T07:00:49+00:00;/sonometros;NoiseLevelObserved;T248655-daily;65.36;66.69;69.43;65.99;61.19;2023-03-23
1413;2023-03-26T06:00:46+00:00;/sonometros;NoiseLevelObserved;T248655-daily;66.86;66.73;73.17;67.51;66.69;2023-03-25
1418;2023-03-31T06:00:48+00:00;/sonometros;NoiseLevelObserved;T248655-daily;65.08;66.12;69.63;66.07;61.81;2023-03-30
1420;2023-04-02T06:00:51+00:00;/sonometros;NoiseLevelObserved;T248655-daily;65.85;65.26;72.13;67.69;65.45;2023-04-01
1422;2023-04-04T06:00:45+00:00;/sonometros;NoiseLevelObserved;T248655-daily;64.4;65.63;68.67;65.12;60.62;2023-04-03
1425;2023-04-07T06:00:41+00:00;/sonometros;NoiseLevelObserved;T248655-daily;65.9;67.25;70.16;66.11;62.27;2023-04-06
1426;2023-04-09T06:00:43+00:00;/sonometros;NoiseLevelObserved;T248655-daily;64.89;65.48;70.16;65.92;62.98;2023-04-08
1431;2023-04-14T06:00:47+00:00;/sonometros;NoiseLevelObserved;T248655-daily;64.43;65.38;68.65;66.29;60.07;2023-04-13
1500;2023-04-19T06:00:32+00:00;/sonometros;NoiseLevelObserved;T248655-daily;65.74;67.55;69.04;65.33;60.1;2023-04-18
1502;2023-04-27T06:00:33+00:00;/sonometros;NoiseLevelObserved;T248655-daily;64.29;66.75;68.33;66.17;58.36;2023-04-26
1504;2023-04-29T06:00:29+00:00;/sonometros;NoiseLevelObserved;T248655-daily;66.59;67.24;71.99;67.04;65.03;2023-04-28
1506;2023-05-01T06:00:37+00:00;/sonometros;NoiseLevelObserved;T248655-daily;66.26;64.34;71.52;71.42;62.24;2023-04-30
1507;2023-05-02T06:00:34+00:00;/sonometros;NoiseLevelObserved;T248655-daily;63.77;65.26;67.44;64.37;58.65;2023-05-01
1510;2023-05-05T06:00:36+00:00;/sonometros;NoiseLevelObserved;T248655-daily;65.01;66.03;69.11;66.83;60.39;2023-05-04
1515;2023-05-10T06:00:44+00:00;/sonometros;NoiseLevelObserved;T248655-daily;64.08;65.38;68.24;65.58;59.63;2023-05-09
1517;2023-05-12T06:00:48+00:00;/sonometros;NoiseLevelObserved;T248655-daily;64.32;65.38;68.58;65.7;60.29;2023-05-11
1518;2023-05-13T06:00:48+00:00;/sonometros;NoiseLevelObserved;T248655-daily;65.11;65.38;70.45;67.02;63.09;2023-05-12
1520;2023-05-15T06:00:45+00:00;/sonometros;NoiseLevelObserved;T248655-daily;63.37;64.38;67.84;64.57;59.86;2023-05-14
1523;2023-05-18T06:00:45+00:00;/sonometros;NoiseLevelObserved;T248655-daily;66.41;68.37;69.65;64.86;61.03;2023-05-17
1526;2023-05-21T06:00:44+00:00;/sonometros;NoiseLevelObserved;T248655-daily;65.42;65.33;71.34;67.08;64.47;2023-05-20
1529;2023-05-24T06:00:45+00:00;/sonometros;NoiseLevelObserved;T248655-daily;65.34;66.97;69.02;65.24;60.53;2023-05-23
1531;2023-05-26T06:00:51+00:00;/sonometros;NoiseLevelObserved;T248655-daily;64.99;65.79;69.75;66.4;62.01;2023-05-25
1532;2023-05-27T06:00:40+00:00;/sonometros;NoiseLevelObserved;T248655-daily;66.16;65.88;72.08;68.25;65.11;2023-05-26
1534;2023-05-29T06:00:47+00:00;/sonometros;NoiseLevelObserved;T248655-daily;63.67;64.97;67.8;64.36;59.62;2023-05-28
1535;2023-05-30T06:00:53+00:00;/sonometros;NoiseLevelObserved;T248655-daily;64.39;65.74;68.38;65.15;59.98;2023-05-29
1536;2023-05-31T06:00:55+00:00;/sonometros;NoiseLevelObserved;T248655-daily;64.59;65.86;68.84;65.16;60.83;2023-05-30
1539;2023-06-03T06:00:38+00:00;/sonometros;NoiseLevelObserved;T248655-daily;65.56;65.88;71.26;66.51;64.38;2023-06-02
1544;2023-06-08T06:00:43+00:00;/sonometros;NoiseLevelObserved;T248655-daily;64.55;66.84;68.06;65.05;58.42;2023-06-07
1545;2023-06-09T06:00:42+00:00;/sonometros;NoiseLevelObserved;T248655-daily;65.35;66.7;69.3;66.11;60.86;2023-06-08
3;2020-11-20T00:00:36+00:00;/sonometros;NoiseLevelObserved;T248655-daily;64.3;66.0;66.8;63.8;57.5;2020-11-19
6;2020-11-23T00:00:45+00:00;/sonometros;NoiseLevelObserved;T248655-daily;62.5;63.8;66.1;63.6;58.0;2020-11-22
8;2020-11-25T00:01:48+00:00;/sonometros;NoiseLevelObserved;T248655-daily;65.5;67.3;67.8;64.1;58.1;2020-11-24
10;2020-09-18T12:40:17+00:00;/sonometros;NoiseLevelObserved;T248655-daily;64.2;65.7;67.2;64.1;58.5;2020-09-17
13;2020-09-21T00:00:28+00:00;/sonometros;NoiseLevelObserved;T248655-daily;61.6;62.2;66.9;62.5;60.1;2020-09-20
20;2020-09-28T00:00:45+00:00;/sonometros;NoiseLevelObserved;T248655-daily;61.6;62.4;66.4;62.7;59.3;2020-09-27
22;2020-09-30T00:00:49+00:00;/sonometros;NoiseLevelObserved;T248655-daily;64.1;65.9;66.4;61.6;57.1;2020-09-29
23;2020-10-01T00:00:51+00:00;/sonometros;NoiseLevelObserved;T248655-daily;64.9;66.6;67.5;63.7;58.5;2020-09-30
25;2020-10-03T00:00:57+00:00;/sonometros;NoiseLevelObserved;T248655-daily;64.4;65.8;67.8;64.3;59.7;2020-10-02
31;2020-10-09T00:00:15+00:00;/sonometros;NoiseLevelObserved;T248655-daily;66.1;67.8;68.4;65.9;58.6;2020-10-08
34;2020-10-12T00:00:19+00:00;/sonometros;NoiseLevelObserved;T248655-daily;61.1;61.8;66.1;62.2;59.1;2020-10-11
37;2020-10-15T00:00:25+00:00;/sonometros;NoiseLevelObserved;T248655-daily;64.9;66.6;67.3;63.5;58.1;2020-10-14
41;2020-10-19T00:00:51+00:00;/sonometros;NoiseLevelObserved;T248655-daily;62.8;63.7;67.6;62.7;60.7;2020-10-18
42;2020-10-20T00:00:53+00:00;/sonometros;NoiseLevelObserved;T248655-daily;65.9;67.8;68.0;63.0;58.3;2020-10-19
44;2020-10-22T00:00:58+00:00;/sonometros;NoiseLevelObserved;T248655-daily;65.3;67.0;67.9;64.3;58.9;2020-10-21
46;2020-10-24T00:00:07+00:00;/sonometros;NoiseLevelObserved;T248655-daily;65.7;67.5;68.3;64.2;59.2;2020-10-23
51;2020-10-29T00:00:15+00:00;/sonometros;NoiseLevelObserved;T248655-daily;66.1;68.0;67.9;64.4;57.2;2020-10-28
53;2020-10-31T00:00:21+00:00;/sonometros;NoiseLevelObserved;T248655-daily;66.1;67.7;68.9;66.0;60.0;2020-10-30
55;2020-11-02T00:00:24+00:00;/sonometros;NoiseLevelObserved;T248655-daily;65.3;67.1;67.6;64.2;57.8;2020-11-01
59;2020-11-06T00:00:32+00:00;/sonometros;NoiseLevelObserved;T248655-daily;66.6;68.2;69.8;64.5;61.7;2020-11-05
60;2020-11-07T00:00:33+00:00;/sonometros;NoiseLevelObserved;T248655-daily;65.4;66.9;68.5;65.1;60.0;2020-11-06
63;2020-11-10T00:00:40+00:00;/sonometros;NoiseLevelObserved;T248655-daily;64.0;65.6;66.7;63.9;57.5;2020-11-09
68;2020-11-15T00:00:52+00:00;/sonometros;NoiseLevelObserved;T248655-daily;63.9;65.1;67.3;65.2;59.0;2020-11-14
71;2020-11-27T00:00:51+00:00;/sonometros;NoiseLevelObserved;T248655-daily;64.5;66.2;67.2;63.6;58.2;2020-11-26
75;2020-12-01T00:00:21+00:00;/sonometros;NoiseLevelObserved;T248655-daily;64.2;65.9;66.7;63.4;57.5;2020-11-30
77;2020-12-03T00:00:14+00:00;/sonometros;NoiseLevelObserved;T248655-daily;67.1;69.1;68.7;63.5;57.9;2020-12-02
78;2020-12-04T00:00:08+00:00;/sonometros;NoiseLevelObserved;T248655-daily;74.2;76.5;74.6;63.4;57.7;2020-12-03
79;2020-12-05T00:00:12+00:00;/sonometros;NoiseLevelObserved;T248655-daily;71.5;73.7;72.3;64.6;58.6;2020-12-04
85;2020-12-11T00:00:23+00:00;/sonometros;NoiseLevelObserved;T248655-daily;64.8;66.5;67.3;64.0;57.9;2020-12-10
86;2020-12-12T00:00:36+00:00;/sonometros;NoiseLevelObserved;T248655-daily;67.0;68.9;69.0;64.8;59.1;2020-12-11
87;2020-12-13T00:00:38+00:00;/sonometros;NoiseLevelObserved;T248655-daily;64.2;65.3;68.2;65.6;60.5;2020-12-12
88;2020-12-14T00:00:40+00:00;/sonometros;NoiseLevelObserved;T248655-daily;62.0;63.1;65.8;63.4;57.8;2020-12-13
92;2020-12-18T00:00:49+00:00;/sonometros;NoiseLevelObserved;T248655-daily;66.2;68.0;68.5;63.8;59.1;2020-12-17
101;2020-12-27T00:00:10+00:00;/sonometros;NoiseLevelObserved;T248655-daily;63.1;64.3;66.2;65.8;56.7;2020-12-26
105;2020-12-31T00:00:47+00:00;/sonometros;NoiseLevelObserved;T248655-daily;64.7;66.4;67.2;64.9;57.5;2020-12-30
108;2021-01-03T00:00:54+00:00;/sonometros;NoiseLevelObserved;T248655-daily;64.2;65.8;66.9;64.1;57.9;2021-01-02
109;2021-01-04T00:00:57+00:00;/sonometros;NoiseLevelObserved;T248655-daily;61.4;62.9;63.5;62.7;52.7;2021-01-03
110;2021-01-05T00:00:01+00:00;/sonometros;NoiseLevelObserved;T248655-daily;66.2;68.1;67.9;64.2;57.2;2021-01-04
113;2021-01-08T00:00:05+00:00;/sonometros;NoiseLevelObserved;T248655-daily;65.5;67.1;68.2;65.1;59.3;2021-01-07
114;2021-01-09T00:00:22+00:00;/sonometros;NoiseLevelObserved;T248655-daily;68.3;70.2;69.8;66.0;58.7;2021-01-08
116;2021-01-11T00:00:11+00:00;/sonometros;NoiseLevelObserved;T248655-daily;62.4;64.2;63.9;62.3;51.5;2021-01-10
122;2021-01-17T00:02:22+00:00;/sonometros;NoiseLevelObserved;T248655-daily;64.2;66.1;66.0;63.0;55.1;2021-01-16
123;2021-01-18T00:00:25+00:00;/sonometros;NoiseLevelObserved;T248655-daily;61.8;63.5;64.3;60.9;55.1;2021-01-17
127;2021-01-22T00:00:32+00:00;/sonometros;NoiseLevelObserved;T248655-daily;65.8;67.8;67.6;62.4;57.4;2021-01-21
129;2021-01-24T00:00:35+00:00;/sonometros;NoiseLevelObserved;T248655-daily;63.2;65.1;65.3;61.9;55.3;2021-01-23
140;2021-02-04T00:00:02+00:00;/sonometros;NoiseLevelObserved;T248655-daily;71.5;73.8;71.9;61.5;55.3;2021-02-03
151;2021-02-15T00:00:24+00:00;/sonometros;NoiseLevelObserved;T248655-daily;62.3;63.8;64.8;62.9;55.1;2021-02-14
154;2021-03-16T00:00:15+00:00;/sonometros;NoiseLevelObserved;T248655-daily;77.5;78.5;77.6;62.9;59.0;2021-03-15
155;2021-03-17T00:00:17+00:00;/sonometros;NoiseLevelObserved;T248655-daily;65.9;67.8;67.3;63.0;56.2;2021-03-16
156;2021-03-18T00:00:21+00:00;/sonometros;NoiseLevelObserved;T248655-daily;66.1;68.0;68.1;62.8;58.4;2021-03-17
157;2021-03-19T00:00:21+00:00;/sonometros;NoiseLevelObserved;T248655-daily;67.7;69.8;68.9;63.5;56.6;2021-03-18
169;2021-03-31T00:00:45+00:00;/sonometros;NoiseLevelObserved;T248655-daily;68.3;70.4;69.4;64.0;56.9;2021-03-30
172;2021-04-03T00:00:53+00:00;/sonometros;NoiseLevelObserved;T248655-daily;62.9;64.6;64.9;62.7;54.4;2021-04-02
178;2021-04-09T00:00:26+00:00;/sonometros;NoiseLevelObserved;T248655-daily;66.2;68.2;67.8;63.9;56.6;2021-04-08
179;2021-04-10T00:00:09+00:00;/sonometros;NoiseLevelObserved;T248655-daily;67.5;69.5;69.1;64.8;58.0;2021-04-09
183;2021-04-14T00:01:18+00:00;/sonometros;NoiseLevelObserved;T248655-daily;66.2;68.1;67.7;63.4;56.7;2021-04-13
184;2021-04-15T00:00:50+00:00;/sonometros;NoiseLevelObserved;T248655-daily;65.6;67.3;67.7;65.4;57.3;2021-04-14
187;2021-04-18T00:00:23+00:00;/sonometros;NoiseLevelObserved;T248655-daily;63.6;65.3;65.7;64.1;55.0;2021-04-17
193;2021-04-24T00:01:38+00:00;/sonometros;NoiseLevelObserved;T248655-daily;66.5;68.3;68.3;64.7;58.0;2021-04-23
194;2021-04-25T00:00:39+00:00;/sonometros;NoiseLevelObserved;T248655-daily;64.2;65.9;66.3;64.5;55.8;2021-04-24
196;2021-04-27T00:00:46+00:00;/sonometros;NoiseLevelObserved;T248655-daily;68.7;70.7;70.6;63.7;60.7;2021-04-26
197;2021-04-28T00:00:18+00:00;/sonometros;NoiseLevelObserved;T248655-daily;66.4;68.2;68.4;65.7;57.8;2021-04-27
198;2021-04-29T00:00:22+00:00;/sonometros;NoiseLevelObserved;T248655-daily;65.3;67.0;67.6;64.4;58.0;2021-04-28
199;2021-04-30T00:00:08+00:00;/sonometros;NoiseLevelObserved;T248655-daily;68.6;70.7;69.8;65.6;57.3;2021-04-29
203;2021-05-04T00:00:23+00:00;/sonometros;NoiseLevelObserved;T248655-daily;65.9;67.9;67.7;63.3;57.0;2021-05-03
204;2021-05-05T00:00:49+00:00;/sonometros;NoiseLevelObserved;T248655-daily;66.2;68.1;67.7;63.7;56.7;2021-05-04
206;2021-05-07T00:00:22+00:00;/sonometros;NoiseLevelObserved;T248655-daily;66.2;68.0;67.8;65.2;56.6;2021-05-06
207;2021-05-08T00:00:23+00:00;/sonometros;NoiseLevelObserved;T248655-daily;67.0;69.0;68.5;65.1;57.0;2021-05-07
209;2021-05-10T00:00:27+00:00;/sonometros;NoiseLevelObserved;T248655-daily;63.7;65.3;66.3;64.1;56.8;2021-05-09
211;2021-05-12T00:00:32+00:00;/sonometros;NoiseLevelObserved;T248655-daily;64.6;66.4;66.8;63.2;57.1;2021-05-11
215;2021-05-16T00:00:42+00:00;/sonometros;NoiseLevelObserved;T248655-daily;63.4;64.6;67.0;64.0;59.1;2021-05-15
218;2021-05-19T00:00:49+00:00;/sonometros;NoiseLevelObserved;T248655-daily;64.9;66.6;67.4;63.7;58.3;2021-05-18
222;2021-05-23T00:00:00+00:00;/sonometros;NoiseLevelObserved;T248655-daily;64.6;65.8;68.1;66.0;59.9;2021-05-22
227;2021-05-28T00:00:11+00:00;/sonometros;NoiseLevelObserved;T248655-daily;65.3;67.0;67.9;64.3;58.9;2021-05-27
228;2021-05-29T00:00:14+00:00;/sonometros;NoiseLevelObserved;T248655-daily;68.5;68.5;72.1;74.8;60.8;2021-05-28
231;2021-06-01T00:00:21+00:00;/sonometros;NoiseLevelObserved;T248655-daily;64.9;66.8;67.0;63.0;57.1;2021-05-31
242;2021-06-12T00:00:48+00:00;/sonometros;NoiseLevelObserved;T248655-daily;66.6;68.2;69.2;65.0;60.4;2021-06-11
245;2021-06-15T00:00:54+00:00;/sonometros;NoiseLevelObserved;T248655-daily;67.2;69.2;69.0;63.5;58.6;2021-06-14
246;2021-06-16T00:00:57+00:00;/sonometros;NoiseLevelObserved;T248655-daily;65.5;67.3;67.9;63.2;58.6;2021-06-15
249;2021-06-19T00:00:14+00:00;/sonometros;NoiseLevelObserved;T248655-daily;66.8;68.5;69.2;66.3;59.6;2021-06-18
250;2021-06-20T00:00:11+00:00;/sonometros;NoiseLevelObserved;T248655-daily;64.7;65.4;69.3;66.7;62.0;2021-06-19
261;2021-09-03T00:00:04+00:00;/sonometros;NoiseLevelObserved;T248655-daily;70.8;67.5;75.3;79.9;61.4;2021-09-02
265;2021-09-07T00:01:08+00:00;/sonometros;NoiseLevelObserved;T248655-daily;68.8;66.4;77.1;63.6;71.6;2021-09-06
273;2021-09-15T00:00:33+00:00;/sonometros;NoiseLevelObserved;T248655-daily;65.5;67.3;67.8;63.8;58.2;2021-09-14
307;2021-09-17T00:00:47+00:00;/sonometros;NoiseLevelObserved;T248655-daily;65.9;67.7;68.4;64.4;59.1;2021-09-16
308;2021-09-18T00:00:40+00:00;/sonometros;NoiseLevelObserved;T248655-daily;66.1;67.7;69.3;65.9;60.8;2021-09-17
309;2021-09-19T00:00:42+00:00;/sonometros;NoiseLevelObserved;T248655-daily;64.1;64.6;69.0;65.9;62.0;2021-09-18
349;2021-09-27T00:00:04+00:00;/sonometros;NoiseLevelObserved;T248655-daily;63.7;63.4;70.3;63.9;64.2;2021-09-26
384;2021-09-30T00:01:18+00:00;/sonometros;NoiseLevelObserved;T248655-daily;65.8;67.4;68.5;65.2;59.6;2021-09-29
386;2021-10-02T00:00:16+00:00;/sonometros;NoiseLevelObserved;T248655-daily;65.6;66.8;69.1;66.8;60.9;2021-10-01
389;2021-10-05T00:00:23+00:00;/sonometros;NoiseLevelObserved;T248655-daily;66.0;67.8;68.7;64.3;59.7;2021-10-04
390;2021-10-06T00:00:25+00:00;/sonometros;NoiseLevelObserved;T248655-daily;66.1;68.1;68.0;63.0;57.7;2021-10-05
391;2021-10-07T00:00:29+00:00;/sonometros;NoiseLevelObserved;T248655-daily;65.5;67.2;68.0;64.1;58.8;2021-10-06
395;2021-10-11T00:00:38+00:00;/sonometros;NoiseLevelObserved;T248655-daily;63.6;63.4;70.1;62.6;64.1;2021-10-10
396;2021-10-12T00:00:39+00:00;/sonometros;NoiseLevelObserved;T248655-daily;64.2;65.5;67.5;64.6;59.3;2021-10-11
398;2021-10-14T00:00:44+00:00;/sonometros;NoiseLevelObserved;T248655-daily;66.3;68.0;68.8;64.3;59.9;2021-10-13
432;2021-10-16T00:00:48+00:00;/sonometros;NoiseLevelObserved;T248655-daily;66.3;67.8;69.6;65.5;61.4;2021-10-15
435;2021-10-19T00:00:56+00:00;/sonometros;NoiseLevelObserved;T248655-daily;66.3;68.2;68.4;63.4;58.8;2021-10-18
438;2021-10-22T00:01:12+00:00;/sonometros;NoiseLevelObserved;T248655-daily;64.8;66.4;68.0;64.0;59.6;2021-10-21
440;2021-10-24T00:00:09+00:00;/sonometros;NoiseLevelObserved;T248655-daily;65.0;65.2;70.8;66.4;64.3;2021-10-23
441;2021-10-25T00:00:12+00:00;/sonometros;NoiseLevelObserved;T248655-daily;64.1;64.1;70.5;63.1;64.4;2021-10-24
442;2021-10-26T00:00:14+00:00;/sonometros;NoiseLevelObserved;T248655-daily;65.7;67.5;68.3;63.7;59.3;2021-10-25
443;2021-10-27T00:00:17+00:00;/sonometros;NoiseLevelObserved;T248655-daily;66.4;68.3;68.6;63.5;59.1;2021-10-26
511;2021-10-31T00:00:24+00:00;/sonometros;NoiseLevelObserved;T248655-daily;66.1;66.8;71.2;65.9;64.5;2021-10-30
512;2021-11-01T03:50:27+00:00;/sonometros;NoiseLevelObserved;T248655-daily;65.3;65.5;71.5;64.9;65.0;2021-10-31
578;2021-11-03T00:00:32+00:00;/sonometros;NoiseLevelObserved;T248655-daily;65.1;66.9;67.4;63.5;57.8;2021-11-02
611;2021-11-04T00:00:34+00:00;/sonometros;NoiseLevelObserved;T248655-daily;65.5;67.2;67.9;63.8;58.8;2021-11-03
677;2021-11-06T00:00:38+00:00;/sonometros;NoiseLevelObserved;T248655-daily;65.0;66.3;68.7;65.0;60.9;2021-11-05
679;2021-11-08T00:00:45+00:00;/sonometros;NoiseLevelObserved;T248655-daily;64.5;63.6;71.9;62.5;66.1;2021-11-07
719;2021-11-16T00:00:01+00:00;/sonometros;NoiseLevelObserved;T248655-daily;65.1;66.8;67.6;64.0;58.3;2021-11-15
721;2021-11-18T00:00:29+00:00;/sonometros;NoiseLevelObserved;T248655-daily;65.4;67.1;68.3;64.1;59.6;2021-11-17
723;2021-11-20T00:00:12+00:00;/sonometros;NoiseLevelObserved;T248655-daily;66.2;67.3;69.9;67.8;61.9;2021-11-19
760;2021-11-25T00:00:20+00:00;/sonometros;NoiseLevelObserved;T248655-daily;68.0;70.0;69.5;64.3;58.6;2021-11-24
762;2021-11-27T00:00:24+00:00;/sonometros;NoiseLevelObserved;T248655-daily;65.8;67.1;69.2;66.0;61.0;2021-11-26
771;2021-12-06T00:00:44+00:00;/sonometros;NoiseLevelObserved;T248655-daily;65.0;64.3;72.0;63.5;66.2;2021-12-05
773;2021-12-08T00:00:49+00:00;/sonometros;NoiseLevelObserved;T248655-daily;65.4;67.0;68.2;64.4;59.4;2021-12-07
811;2021-12-14T00:00:06+00:00;/sonometros;NoiseLevelObserved;T248655-daily;66.0;67.6;68.5;66.1;59.0;2021-12-13
812;2021-12-15T00:00:06+00:00;/sonometros;NoiseLevelObserved;T248655-daily;65.4;67.1;67.8;64.4;58.4;2021-12-14
813;2021-12-16T00:00:08+00:00;/sonometros;NoiseLevelObserved;T248655-daily;65.9;67.5;68.6;64.7;59.8;2021-12-15
818;2021-12-21T00:01:17+00:00;/sonometros;NoiseLevelObserved;T248655-daily;65.9;66.9;69.3;69.2;60.1;2021-12-20
824;2021-12-27T00:00:27+00:00;/sonometros;NoiseLevelObserved;T248655-daily;64.3;65.4;68.6;64.5;61.3;2021-12-26
826;2021-12-29T00:00:33+00:00;/sonometros;NoiseLevelObserved;T248655-daily;65.9;67.7;68.3;63.6;59.1;2021-12-28
828;2022-01-05T17:36:08+00:00;/sonometros;NoiseLevelObserved;T248655-daily;65.2;66.9;67.6;63.9;58.3;2022-01-04
832;2022-01-09T00:00:56+00:00;/sonometros;NoiseLevelObserved;T248655-daily;64.0;64.8;68.8;65.3;61.7;2022-01-08
834;2022-01-11T00:00:01+00:00;/sonometros;NoiseLevelObserved;T248655-daily;65.9;67.8;68.1;63.3;58.5;2022-01-10
836;2022-01-13T00:00:27+00:00;/sonometros;NoiseLevelObserved;T248655-daily;65.1;66.7;68.1;64.3;59.6;2022-01-12
838;2022-01-15T00:00:10+00:00;/sonometros;NoiseLevelObserved;T248655-daily;65.8;67.4;68.9;65.3;60.3;2022-01-14
841;2022-01-18T00:00:16+00:00;/sonometros;NoiseLevelObserved;T248655-daily;64.9;66.6;67.5;63.1;58.7;2022-01-17
842;2022-01-19T00:00:17+00:00;/sonometros;NoiseLevelObserved;T248655-daily;65.8;67.6;68.1;64.2;58.6;2022-01-18
843;2022-01-20T00:00:21+00:00;/sonometros;NoiseLevelObserved;T248655-daily;67.5;69.4;69.5;64.2;59.7;2022-01-19
850;2022-01-27T00:00:33+00:00;/sonometros;NoiseLevelObserved;T248655-daily;66.4;68.3;68.6;64.4;59.0;2022-01-26
883;2022-01-28T00:00:35+00:00;/sonometros;NoiseLevelObserved;T248655-daily;68.7;70.7;70.2;65.0;59.3;2022-01-27
885;2022-01-30T00:00:41+00:00;/sonometros;NoiseLevelObserved;T248655-daily;65.3;66.0;70.3;66.5;63.4;2022-01-29
887;2022-02-01T00:00:44+00:00;/sonometros;NoiseLevelObserved;T248655-daily;64.3;65.9;66.9;64.2;57.7;2022-01-31
888;2022-02-02T00:00:52+00:00;/sonometros;NoiseLevelObserved;T248655-daily;64.8;66.4;67.3;64.2;58.1;2022-02-01
892;2022-02-06T00:00:59+00:00;/sonometros;NoiseLevelObserved;T248655-daily;66.1;66.5;71.5;67.8;64.7;2022-02-05
899;2022-02-13T00:00:12+00:00;/sonometros;NoiseLevelObserved;T248655-daily;66.9;67.7;71.7;67.9;64.6;2022-02-12
905;2022-02-19T00:00:23+00:00;/sonometros;NoiseLevelObserved;T248655-daily;65.9;67.3;69.1;66.1;60.7;2022-02-18
909;2022-02-23T00:00:31+00:00;/sonometros;NoiseLevelObserved;T248655-daily;64.9;66.6;67.3;64.8;57.5;2022-02-22
910;2022-02-24T00:00:35+00:00;/sonometros;NoiseLevelObserved;T248655-daily;65.8;67.4;68.5;65.9;59.4;2022-02-23
914;2022-02-28T00:00:48+00:00;/sonometros;NoiseLevelObserved;T248655-daily;68.8;70.5;72.1;64.6;64.3;2022-02-27
915;2022-03-01T00:26:15+00:00;/sonometros;NoiseLevelObserved;T248655-daily;65.2;66.8;68.1;64.1;59.6;2022-02-28
917;2022-03-03T00:00:48+00:00;/sonometros;NoiseLevelObserved;T248655-daily;66.0;67.6;68.8;64.9;60.2;2022-03-02
918;2022-03-04T00:00:51+00:00;/sonometros;NoiseLevelObserved;T248655-daily;67.0;68.2;70.8;66.5;63.2;2022-03-03
921;2022-03-07T00:00:57+00:00;/sonometros;NoiseLevelObserved;T248655-daily;66.2;66.4;72.4;64.7;66.2;2022-03-06
955;2022-03-09T00:00:08+00:00;/sonometros;NoiseLevelObserved;T248655-daily;66.5;68.0;69.4;66.4;60.7;2022-03-08
966;2022-03-20T00:00:27+00:00;/sonometros;NoiseLevelObserved;T248655-daily;79.5;78.7;85.8;82.8;79.4;2022-03-19
972;2022-03-26T00:00:45+00:00;/sonometros;NoiseLevelObserved;T248655-daily;76.9;79.2;77.4;67.5;61.7;2022-03-25
975;2022-03-29T00:00:47+00:00;/sonometros;NoiseLevelObserved;T248655-daily;65.1;66.7;67.8;64.5;58.9;2022-03-28
978;2022-04-01T00:00:54+00:00;/sonometros;NoiseLevelObserved;T248655-daily;65.2;66.6;68.7;64.1;60.9;2022-03-31
979;2022-04-02T00:00:53+00:00;/sonometros;NoiseLevelObserved;T248655-daily;65.4;66.8;68.7;64.9;60.5;2022-04-01
981;2022-04-04T00:00:03+00:00;/sonometros;NoiseLevelObserved;T248655-daily;63.5;63.2;70.1;63.4;64.0;2022-04-03
982;2022-04-05T00:00:01+00:00;/sonometros;NoiseLevelObserved;T248655-daily;65.6;67.3;68.1;64.1;59.1;2022-04-04
987;2022-04-10T00:00:12+00:00;/sonometros;NoiseLevelObserved;T248655-daily;67.4;68.3;71.5;70.0;63.6;2022-04-09
993;2022-04-16T00:00:24+00:00;/sonometros;NoiseLevelObserved;T248655-daily;63.0;63.5;68.4;63.5;61.8;2022-04-15
994;2022-04-17T00:00:27+00:00;/sonometros;NoiseLevelObserved;T248655-daily;63.3;63.7;68.5;65.1;61.6;2022-04-16
995;2022-04-18T00:00:29+00:00;/sonometros;NoiseLevelObserved;T248655-daily;62.8;63.0;68.4;64.5;61.8;2022-04-17
997;2022-04-20T00:00:34+00:00;/sonometros;NoiseLevelObserved;T248655-daily;64.6;66.2;67.7;62.9;59.4;2022-04-19
999;2022-04-22T00:00:39+00:00;/sonometros;NoiseLevelObserved;T248655-daily;63.2;64.9;65.9;62.2;57.0;2022-04-21
1000;2022-04-23T00:00:42+00:00;/sonometros;NoiseLevelObserved;T248655-daily;65.9;66.8;70.6;66.1;63.6;2022-04-22
1001;2022-04-24T00:00:43+00:00;/sonometros;NoiseLevelObserved;T248655-daily;64.8;65.5;70.0;64.3;63.4;2022-04-23
1007;2022-04-30T00:00:56+00:00;/sonometros;NoiseLevelObserved;T248655-daily;66.0;67.4;69.3;66.6;60.9;2022-04-29
1009;2022-05-02T00:00:05+00:00;/sonometros;NoiseLevelObserved;T248655-daily;64.8;64.9;70.9;63.9;64.7;2022-05-01
1018;2022-05-11T00:00:22+00:00;/sonometros;NoiseLevelObserved;T248655-daily;66.9;68.8;68.6;64.8;57.8;2022-05-10
1020;2022-05-13T00:00:27+00:00;/sonometros;NoiseLevelObserved;T248655-daily;70.7;72.9;71.7;65.9;58.7;2022-05-12
1058;2022-05-19T00:00:42+00:00;/sonometros;NoiseLevelObserved;T248655-daily;66.7;68.5;68.8;64.8;59.0;2022-05-18
1061;2022-05-22T00:00:49+00:00;/sonometros;NoiseLevelObserved;T248655-daily;65.4;64.9;71.9;66.6;65.8;2022-05-21
1067;2022-05-28T00:00:08+00:00;/sonometros;NoiseLevelObserved;T248655-daily;65.6;66.8;69.2;67.1;60.9;2022-05-27
1070;2022-05-31T00:00:13+00:00;/sonometros;NoiseLevelObserved;T248655-daily;64.9;66.5;67.7;64.2;59.0;2022-05-30
1071;2022-06-01T00:00:16+00:00;/sonometros;NoiseLevelObserved;T248655-daily;65.6;67.4;68.1;63.5;59.1;2022-05-31
1072;2022-06-02T00:00:18+00:00;/sonometros;NoiseLevelObserved;T248655-daily;69.1;71.0;70.6;68.1;58.5;2022-06-01
1073;2022-06-03T00:00:22+00:00;/sonometros;NoiseLevelObserved;T248655-daily;64.6;66.2;67.5;64.4;58.6;2022-06-02
1075;2022-06-05T00:00:25+00:00;/sonometros;NoiseLevelObserved;T248655-daily;65.4;66.4;70.0;66.4;62.7;2022-06-04
1079;2022-06-09T00:00:35+00:00;/sonometros;NoiseLevelObserved;T248655-daily;65.2;66.9;67.5;63.6;58.2;2022-06-08
1080;2022-06-10T00:00:38+00:00;/sonometros;NoiseLevelObserved;T248655-daily;66.0;67.8;68.2;64.9;58.4;2022-06-09
1081;2022-06-11T00:00:40+00:00;/sonometros;NoiseLevelObserved;T248655-daily;69.2;71.2;71.1;65.4;61.0;2022-06-10
1083;2022-06-13T00:00:45+00:00;/sonometros;NoiseLevelObserved;T248655-daily;62.7;62.7;68.8;62.7;62.6;2022-06-12
1084;2022-06-14T00:00:48+00:00;/sonometros;NoiseLevelObserved;T248655-daily;64.2;65.8;67.1;64.2;58.2;2022-06-13
1086;2022-06-16T00:00:53+00:00;/sonometros;NoiseLevelObserved;T248655-daily;64.7;66.3;67.3;63.7;58.4;2022-06-15
1089;2022-06-19T00:00:08+00:00;/sonometros;NoiseLevelObserved;T248655-daily;66.7;63.6;75.0;67.8;69.3;2022-06-18
1091;2022-06-21T00:00:08+00:00;/sonometros;NoiseLevelObserved;T248655-daily;67.5;69.4;69.2;65.5;58.5;2022-06-20
1095;2022-06-25T00:00:18+00:00;/sonometros;NoiseLevelObserved;T248655-daily;62.8;62.9;68.5;64.4;61.9;2022-06-24
1096;2022-06-26T00:00:20+00:00;/sonometros;NoiseLevelObserved;T248655-daily;64.0;64.3;69.7;65.3;63.1;2022-06-25
1100;2022-06-30T00:00:29+00:00;/sonometros;NoiseLevelObserved;T248655-daily;69.8;71.9;71.1;64.2;59.8;2022-06-29
1103;2022-07-03T00:00:38+00:00;/sonometros;NoiseLevelObserved;T248655-daily;64.4;64.2;70.8;65.2;64.6;2022-07-02
1105;2022-07-05T00:00:43+00:00;/sonometros;NoiseLevelObserved;T248655-daily;66.3;68.2;68.3;65.0;58.1;2022-07-04
1108;2022-07-08T00:00:51+00:00;/sonometros;NoiseLevelObserved;T248655-daily;72.2;74.4;72.9;63.7;59.3;2022-07-07
1115;2022-07-15T00:00:41+00:00;/sonometros;NoiseLevelObserved;T248655-daily;66.6;68.4;68.7;65.1;58.9;2022-07-14
1117;2022-07-17T00:00:22+00:00;/sonometros;NoiseLevelObserved;T248655-daily;63.1;63.1;68.8;66.3;62.1;2022-07-16
1123;2022-07-23T00:00:30+00:00;/sonometros;NoiseLevelObserved;T248655-daily;66.2;67.9;69.1;64.3;60.5;2022-07-22
1126;2022-07-26T00:00:39+00:00;/sonometros;NoiseLevelObserved;T248655-daily;64.4;65.9;67.7;63.1;59.6;2022-07-25
1131;2022-07-31T00:00:51+00:00;/sonometros;NoiseLevelObserved;T248655-daily;63.6;63.8;69.5;64.0;63.1;2022-07-30
1134;2022-08-03T00:00:00+00:00;/sonometros;NoiseLevelObserved;T248655-daily;64.1;65.3;68.9;63.2;61.6;2022-08-02
1136;2022-08-05T00:00:06+00:00;/sonometros;NoiseLevelObserved;T248655-daily;64.1;65.6;67.7;64.5;59.4;2022-08-04
1138;2022-08-07T00:00:14+00:00;/sonometros;NoiseLevelObserved;T248655-daily;63.6;63.7;69.5;64.5;63.0;2022-08-06
1139;2022-08-08T00:00:13+00:00;/sonometros;NoiseLevelObserved;T248655-daily;62.6;62.1;69.1;63.9;63.0;2022-08-07
1140;2022-08-09T00:00:17+00:00;/sonometros;NoiseLevelObserved;T248655-daily;63.3;64.8;66.8;62.7;58.8;2022-08-08
1144;2022-08-13T00:01:28+00:00;/sonometros;NoiseLevelObserved;T248655-daily;63.1;64.1;67.7;62.8;60.7;2022-08-12
1147;2022-08-16T00:00:35+00:00;/sonometros;NoiseLevelObserved;T248655-daily;63.2;63.9;67.7;67.0;59.5;2022-08-15
1150;2022-08-19T00:00:43+00:00;/sonometros;NoiseLevelObserved;T248655-daily;63.3;64.5;67.5;62.8;60.2;2022-08-18
1152;2022-08-21T00:00:48+00:00;/sonometros;NoiseLevelObserved;T248655-daily;62.3;62.8;67.4;63.8;60.6;2022-08-20
1154;2022-08-23T00:00:54+00:00;/sonometros;NoiseLevelObserved;T248655-daily;64.2;66.0;66.9;63.8;57.6;2022-08-22
1156;2022-08-25T00:00:00+00:00;/sonometros;NoiseLevelObserved;T248655-daily;63.0;64.1;67.0;63.1;59.6;2022-08-24
1159;2022-08-28T00:01:08+00:00;/sonometros;NoiseLevelObserved;T248655-daily;63.2;64.1;68.2;63.7;61.1;2022-08-27
1162;2022-09-29T00:00:16+00:00;/sonometros;NoiseLevelObserved;T248655-daily;64.9;65.3;66.5;63.4;61.1;2022-09-28
1164;2022-10-01T00:00:21+00:00;/sonometros;NoiseLevelObserved;T248655-daily;65.3;66.1;69.5;67.8;61.8;2022-09-30
1165;2022-10-02T00:00:23+00:00;/sonometros;NoiseLevelObserved;T248655-daily;64.7;64.5;71.0;65.7;64.8;2022-10-01
1167;2022-10-04T00:00:28+00:00;/sonometros;NoiseLevelObserved;T248655-daily;64.5;66.2;67.1;63.1;58.2;2022-10-03
1170;2022-10-07T00:01:37+00:00;/sonometros;NoiseLevelObserved;T248655-daily;65.7;67.4;68.2;64.3;59.0;2022-10-06
1171;2022-10-08T00:00:38+00:00;/sonometros;NoiseLevelObserved;T248655-daily;66.0;66.9;70.3;67.3;62.8;2022-10-07
1172;2022-10-09T00:00:40+00:00;/sonometros;NoiseLevelObserved;T248655-daily;65.9;66.1;71.6;67.3;65.0;2022-10-08
1173;2022-10-10T00:00:42+00:00;/sonometros;NoiseLevelObserved;T248655-daily;64.8;64.4;71.7;63.4;65.8;2022-10-09
1175;2022-10-12T00:00:48+00:00;/sonometros;NoiseLevelObserved;T248655-daily;65.0;66.2;68.6;65.8;60.5;2022-10-11
1187;2022-10-24T00:00:31+00:00;/sonometros;NoiseLevelObserved;T248655-daily;65.2;64.8;72.1;63.5;66.2;2022-10-23
1192;2022-10-29T00:00:29+00:00;/sonometros;NoiseLevelObserved;T248655-daily;65.2;66.2;69.1;67.6;61.0;2022-10-28
1195;2022-11-01T00:00:37+00:00;/sonometros;NoiseLevelObserved;T248655-daily;64.5;65.7;68.2;65.4;60.3;2022-10-31
1230;2022-11-25T07:00:26+00:00;/sonometros;NoiseLevelObserved;T248655-daily;64.89;66.16;68.72;66.2;59.84;2022-11-24
1232;2022-11-27T07:00:20+00:00;/sonometros;NoiseLevelObserved;T248655-daily;65.64;64.93;71.96;67.8;65.22;2022-11-26
1233;2022-11-28T07:00:22+00:00;/sonometros;NoiseLevelObserved;T248655-daily;63.25;64.31;67.27;65.05;58.44;2022-11-27
1235;2022-11-30T07:00:21+00:00;/sonometros;NoiseLevelObserved;T248655-daily;64.13;65.67;67.76;64.63;58.95;2022-11-29
1237;2022-12-02T07:00:20+00:00;/sonometros;NoiseLevelObserved;T248655-daily;65.65;67.1;69.67;65.83;61.52;2022-12-01
1239;2022-12-04T07:00:19+00:00;/sonometros;NoiseLevelObserved;T248655-daily;66.78;66.37;72.76;69.06;65.76;2022-12-03
1241;2022-12-06T07:00:24+00:00;/sonometros;NoiseLevelObserved;T248655-daily;65.96;67.45;70.4;66.81;62.34;2022-12-05
1247;2022-12-12T07:01:12+00:00;/sonometros;NoiseLevelObserved;T248655-daily;64.07;65.37;68.06;65.04;59.57;2022-12-11
1253;2022-12-18T07:00:35+00:00;/sonometros;NoiseLevelObserved;T248655-daily;67.26;66.64;73.27;69.86;66.22;2022-12-17
1255;2022-12-20T07:00:46+00:00;/sonometros;NoiseLevelObserved;T248655-daily;66.24;68.23;68.98;65.65;59.03;2022-12-19
1256;2022-12-21T07:00:47+00:00;/sonometros;NoiseLevelObserved;T248655-daily;65.4;66.29;69.11;68.09;59.01;2022-12-20
1257;2022-12-22T07:00:44+00:00;/sonometros;NoiseLevelObserved;T248655-daily;64.57;66.06;68.53;65.27;60.05;2022-12-21
1263;2022-12-28T07:00:32+00:00;/sonometros;NoiseLevelObserved;T248655-daily;65.13;66.51;69.27;65.42;61.23;2022-12-27
1264;2022-12-29T07:00:32+00:00;/sonometros;NoiseLevelObserved;T248655-daily;65.05;66.35;69.12;66.26;60.6;2022-12-28
1265;2022-12-30T07:00:31+00:00;/sonometros;NoiseLevelObserved;T248655-daily;64.67;65.58;69.2;66.13;61.2;2022-12-29
1267;2023-01-01T07:00:41+00:00;/sonometros;NoiseLevelObserved;T248655-daily;65.71;65.01;72.04;67.8;65.33;2022-12-31
1268;2023-01-02T07:00:52+00:00;/sonometros;NoiseLevelObserved;T248655-daily;61.86;62.72;66.75;63.61;58.94;2023-01-01
1278;2023-01-12T07:00:45+00:00;/sonometros;NoiseLevelObserved;T248655-daily;64.55;66.32;68.28;65.02;59.46;2023-01-11
1279;2023-01-13T07:00:42+00:00;/sonometros;NoiseLevelObserved;T248655-daily;65.09;66.2;68.96;66.94;59.85;2023-01-12
1282;2023-01-16T07:01:00+00:00;/sonometros;NoiseLevelObserved;T248655-daily;62.83;64.44;66.74;63.68;58.03;2023-01-15
1284;2023-01-18T07:00:51+00:00;/sonometros;NoiseLevelObserved;T248655-daily;64.2;65.77;67.7;64.76;58.66;2023-01-17
1285;2023-01-19T07:00:55+00:00;/sonometros;NoiseLevelObserved;T248655-daily;64.21;65.49;68.14;65.37;59.49;2023-01-18
1291;2023-01-25T07:00:22+00:00;/sonometros;NoiseLevelObserved;T248655-daily;64.61;66.3;67.98;64.75;58.93;2023-01-24
1332;2023-02-03T07:00:21+00:00;/sonometros;NoiseLevelObserved;T248655-daily;65.07;66.37;69.04;66.03;60.54;2023-02-02
1336;2023-02-07T07:00:42+00:00;/sonometros;NoiseLevelObserved;T248655-daily;65.33;66.88;68.89;65.83;59.99;2023-02-06
1369;2023-02-08T07:00:42+00:00;/sonometros;NoiseLevelObserved;T248655-daily;66.56;68.67;69.25;65.17;59.58;2023-02-07
1372;2023-02-11T07:00:29+00:00;/sonometros;NoiseLevelObserved;T248655-daily;66.21;67.21;71.29;66.02;64.22;2023-02-10
1373;2023-02-12T07:00:28+00:00;/sonometros;NoiseLevelObserved;T248655-daily;66.49;66.72;71.96;68.27;64.74;2023-02-11
1378;2023-02-18T07:00:36+00:00;/sonometros;NoiseLevelObserved;T248655-daily;67.63;69.11;71.41;66.0;63.66;2023-02-17
1382;2023-02-23T07:00:25+00:00;/sonometros;NoiseLevelObserved;T248655-daily;65.47;67.36;69.17;65.51;60.45;2023-02-22
1383;2023-02-24T07:00:24+00:00;/sonometros;NoiseLevelObserved;T248655-daily;64.95;66.4;68.89;65.29;60.58;2023-02-23
1386;2023-02-27T07:00:37+00:00;/sonometros;NoiseLevelObserved;T248655-daily;68.1;69.52;71.09;70.73;58.1;2023-02-26
1393;2023-03-06T07:00:40+00:00;/sonometros;NoiseLevelObserved;T248655-daily;65.8;67.59;68.96;65.76;59.61;2023-03-05
1398;2023-03-11T07:00:39+00:00;/sonometros;NoiseLevelObserved;T248655-daily;69.15;67.09;76.9;69.36;71.03;2023-03-10
1400;2023-03-13T07:00:42+00:00;/sonometros;NoiseLevelObserved;T248655-daily;67.51;68.4;71.08;70.35;60.42;2023-03-12
1401;2023-03-14T07:00:54+00:00;/sonometros;NoiseLevelObserved;T248655-daily;64.61;65.77;69.38;64.45;62.08;2023-03-13
1403;2023-03-16T07:00:47+00:00;/sonometros;NoiseLevelObserved;T248655-daily;74.42;69.58;82.82;75.73;77.05;2023-03-15
1404;2023-03-17T07:00:56+00:00;/sonometros;NoiseLevelObserved;T248655-daily;77.11;72.08;84.92;80.5;78.68;2023-03-16
1406;2023-03-19T07:00:47+00:00;/sonometros;NoiseLevelObserved;T248655-daily;78.23;74.48;86.59;78.41;80.89;2023-03-18
1409;2023-03-22T07:00:53+00:00;/sonometros;NoiseLevelObserved;T248655-daily;65.11;66.76;68.47;65.53;59.25;2023-03-21
1412;2023-03-25T07:00:48+00:00;/sonometros;NoiseLevelObserved;T248655-daily;65.33;66.34;70.26;65.89;62.88;2023-03-24
1417;2023-03-30T06:00:59+00:00;/sonometros;NoiseLevelObserved;T248655-daily;64.83;65.99;68.82;66.32;60.11;2023-03-29
1419;2023-04-01T06:00:37+00:00;/sonometros;NoiseLevelObserved;T248655-daily;65.45;65.78;71.07;66.6;64.11;2023-03-31
1423;2023-04-05T06:00:44+00:00;/sonometros;NoiseLevelObserved;T248655-daily;64.51;65.53;68.68;66.22;60.12;2023-04-04
1427;2023-04-10T06:00:44+00:00;/sonometros;NoiseLevelObserved;T248655-daily;64.64;65.72;69.19;63.94;61.91;2023-04-09
1429;2023-04-12T06:00:40+00:00;/sonometros;NoiseLevelObserved;T248655-daily;64.55;66.02;68.22;65.23;59.41;2023-04-11
1430;2023-04-13T06:00:37+00:00;/sonometros;NoiseLevelObserved;T248655-daily;63.69;64.81;68.04;64.69;60.0;2023-04-12
1432;2023-04-15T06:00:37+00:00;/sonometros;NoiseLevelObserved;T248655-daily;65.46;65.02;72.07;66.07;65.75;2023-04-14
1467;2023-04-18T06:00:27+00:00;/sonometros;NoiseLevelObserved;T248655-daily;62.59;62.98;67.89;64.26;60.56;2023-04-17
1501;2023-04-20T06:00:33+00:00;/sonometros;NoiseLevelObserved;T248655-daily;67.92;70.28;70.12;64.93;60.0;2023-04-19
1505;2023-04-30T06:00:28+00:00;/sonometros;NoiseLevelObserved;T248655-daily;65.93;65.79;71.88;67.58;65.03;2023-04-29
1509;2023-05-04T06:00:30+00:00;/sonometros;NoiseLevelObserved;T248655-daily;64.82;66.41;68.53;64.89;60.02;2023-05-03
1511;2023-05-06T06:00:29+00:00;/sonometros;NoiseLevelObserved;T248655-daily;66.16;66.16;71.74;68.28;64.51;2023-05-05
1513;2023-05-08T06:00:45+00:00;/sonometros;NoiseLevelObserved;T248655-daily;63.58;64.69;67.7;65.0;59.21;2023-05-07
1514;2023-05-09T06:00:43+00:00;/sonometros;NoiseLevelObserved;T248655-daily;64.8;66.65;67.86;64.56;58.41;2023-05-08
1519;2023-05-14T06:00:37+00:00;/sonometros;NoiseLevelObserved;T248655-daily;65.98;65.43;72.33;67.71;65.69;2023-05-13
1521;2023-05-16T06:00:51+00:00;/sonometros;NoiseLevelObserved;T248655-daily;63.81;65.39;67.28;64.34;58.2;2023-05-15
1525;2023-05-20T06:00:42+00:00;/sonometros;NoiseLevelObserved;T248655-daily;66.21;66.1;72.74;66.01;66.47;2023-05-19
1528;2023-05-23T06:00:50+00:00;/sonometros;NoiseLevelObserved;T248655-daily;64.25;65.5;68.01;65.22;59.28;2023-05-22
1533;2023-05-28T06:00:42+00:00;/sonometros;NoiseLevelObserved;T248655-daily;67.17;67.78;72.34;68.37;65.04;2023-05-27
1537;2023-06-01T06:00:45+00:00;/sonometros;NoiseLevelObserved;T248655-daily;64.54;65.31;68.92;66.7;60.42;2023-05-31
1538;2023-06-02T06:00:49+00:00;/sonometros;NoiseLevelObserved;T248655-daily;64.73;66.2;68.99;65.41;60.85;2023-06-01
1540;2023-06-04T06:00:38+00:00;/sonometros;NoiseLevelObserved;T248655-daily;65.79;65.66;71.98;66.8;65.39;2023-06-03
1541;2023-06-05T06:00:36+00:00;/sonometros;NoiseLevelObserved;T248655-daily;63.02;64.06;67.43;64.26;59.37;2023-06-04
1542;2023-06-06T06:00:43+00:00;/sonometros;NoiseLevelObserved;T248655-daily;64.54;66.37;67.7;64.2;58.49;2023-06-05
1548;2023-06-12T06:00:49+00:00;/sonometros;NoiseLevelObserved;T248655-daily;64.19;64.7;68.37;67.24;58.99;2023-06-11
