dc:identifier,dc:modified,ayto:type,ayto:latitude,ayto:longitude,ayto:status,uri
3890,2021-08-27T07:47:52Z,parking,43.464710236,-3.797046423,1,http://datos.santander.es/api/datos/sensores_smart_parking/3890.csv
3853,2021-08-27T07:47:23Z,parking,43.464385986,-3.798945427,0,http://datos.santander.es/api/datos/sensores_smart_parking/3853.csv
3767,2021-08-27T07:47:04Z,parking,43.462833405,-3.798280239,1,http://datos.santander.es/api/datos/sensores_smart_parking/3767.csv
3828,2021-08-27T07:46:03Z,parking,43.463127136,-3.798073053,0,http://datos.santander.es/api/datos/sensores_smart_parking/3828.csv
3656,2021-08-27T07:45:55Z,parking,43.463188171,-3.797487497,1,http://datos.santander.es/api/datos/sensores_smart_parking/3656.csv
3909,2021-08-27T07:45:13Z,parking,43.464351654,-3.799315453,0,http://datos.santander.es/api/datos/sensores_smart_parking/3909.csv
3657,2021-08-27T07:45:11Z,parking,43.463191986,-3.797422647,1,http://datos.santander.es/api/datos/sensores_smart_parking/3657.csv
3885,2021-08-27T07:45:04Z,parking,43.46465683,-3.797361612,0,http://datos.santander.es/api/datos/sensores_smart_parking/3885.csv
3722,2021-08-27T07:44:00Z,parking,43.462524414,-3.79998064,0,http://datos.santander.es/api/datos/sensores_smart_parking/3722.csv
3923,2021-08-27T07:43:06Z,parking,43.463867188,-3.79941678,1,http://datos.santander.es/api/datos/sensores_smart_parking/3923.csv
3922,2021-08-27T07:43:02Z,parking,43.463916779,-3.799426317,1,http://datos.santander.es/api/datos/sensores_smart_parking/3922.csv
3921,2021-08-27T07:42:58Z,parking,43.463970184,-3.7994349,0,http://datos.santander.es/api/datos/sensores_smart_parking/3921.csv
3868,2021-08-27T07:40:50Z,parking,43.464572906,-3.797552109,1,http://datos.santander.es/api/datos/sensores_smart_parking/3868.csv
3869,2021-08-27T07:40:43Z,parking,43.464584351,-3.797484875,1,http://datos.santander.es/api/datos/sensores_smart_parking/3869.csv
4322,2021-08-27T07:40:27Z,parking,43.4721359,-3.8032846,1,http://datos.santander.es/api/datos/sensores_smart_parking/4322.csv
3684,2021-08-27T07:40:15Z,parking,43.463466644,-3.798293591,1,http://datos.santander.es/api/datos/sensores_smart_parking/3684.csv
3898,2021-08-27T07:40:01Z,parking,43.464008331,-3.798585892,1,http://datos.santander.es/api/datos/sensores_smart_parking/3898.csv
3858,2021-08-27T07:39:37Z,parking,43.464447021,-3.798368692,1,http://datos.santander.es/api/datos/sensores_smart_parking/3858.csv
3766,2021-08-27T07:39:04Z,parking,43.46289444,-3.798289537,1,http://datos.santander.es/api/datos/sensores_smart_parking/3766.csv
3919,2021-08-27T07:37:34Z,parking,43.464057922,-3.79945159,0,http://datos.santander.es/api/datos/sensores_smart_parking/3919.csv
3709,2021-08-27T07:37:19Z,parking,43.462421417,-3.800978422,1,http://datos.santander.es/api/datos/sensores_smart_parking/3709.csv
3605,2021-08-27T07:36:28Z,parking,43.463058472,-3.798760891,1,http://datos.santander.es/api/datos/sensores_smart_parking/3605.csv
4308,2021-08-27T07:35:16Z,parking,43.4722461,-3.8026157,1,http://datos.santander.es/api/datos/sensores_smart_parking/4308.csv
3904,2021-08-27T07:35:11Z,parking,43.46427536,-3.800316811,1,http://datos.santander.es/api/datos/sensores_smart_parking/3904.csv
3884,2021-08-27T07:27:14Z,parking,43.464645386,-3.797420502,0,http://datos.santander.es/api/datos/sensores_smart_parking/3884.csv
3652,2021-08-27T07:26:49Z,parking,43.463161469,-3.797734499,1,http://datos.santander.es/api/datos/sensores_smart_parking/3652.csv
3741,2021-08-27T07:26:11Z,parking,43.464256287,-3.798535109,1,http://datos.santander.es/api/datos/sensores_smart_parking/3741.csv
3762,2021-08-27T07:23:02Z,parking,43.463176727,-3.79832983,1,http://datos.santander.es/api/datos/sensores_smart_parking/3762.csv
3608,2021-08-27T07:22:49Z,parking,43.46308136,-3.798573256,0,http://datos.santander.es/api/datos/sensores_smart_parking/3608.csv
3654,2021-08-27T07:21:15Z,parking,43.463176727,-3.797610998,1,http://datos.santander.es/api/datos/sensores_smart_parking/3654.csv
3874,2021-08-27T07:18:19Z,parking,43.464435577,-3.799007177,1,http://datos.santander.es/api/datos/sensores_smart_parking/3874.csv
3872,2021-08-27T07:17:58Z,parking,43.464645386,-3.797106743,1,http://datos.santander.es/api/datos/sensores_smart_parking/3872.csv
4323,2021-08-27T07:17:31Z,parking,43.472128,-3.8033324,1,http://datos.santander.es/api/datos/sensores_smart_parking/4323.csv
3882,2021-08-27T07:15:41Z,parking,43.464622498,-3.797553301,0,http://datos.santander.es/api/datos/sensores_smart_parking/3882.csv
4300,2021-08-27T07:15:35Z,parking,43.472309113,-3.802233458,0,http://datos.santander.es/api/datos/sensores_smart_parking/4300.csv
4302,2021-08-27T07:14:07Z,parking,43.4722934,-3.802329,0,http://datos.santander.es/api/datos/sensores_smart_parking/4302.csv
3681,2021-08-27T07:13:08Z,parking,43.463405609,-3.798834801,1,http://datos.santander.es/api/datos/sensores_smart_parking/3681.csv
3870,2021-08-27T07:11:48Z,parking,43.464595795,-3.797423124,1,http://datos.santander.es/api/datos/sensores_smart_parking/3870.csv
4321,2021-08-27T07:09:46Z,parking,43.4721438,-3.8032368,1,http://datos.santander.es/api/datos/sensores_smart_parking/4321.csv
4319,2021-08-27T07:07:58Z,parking,43.4721595,-3.8031413,1,http://datos.santander.es/api/datos/sensores_smart_parking/4319.csv
4312,2021-08-27T07:05:55Z,parking,43.4722146,-3.8028068,1,http://datos.santander.es/api/datos/sensores_smart_parking/4312.csv
4324,2021-08-27T06:55:19Z,parking,43.472120133,-3.803380186,1,http://datos.santander.es/api/datos/sensores_smart_parking/4324.csv
3765,2021-08-27T06:52:53Z,parking,43.462955475,-3.798296213,1,http://datos.santander.es/api/datos/sensores_smart_parking/3765.csv
3915,2021-08-27T06:50:23Z,parking,43.463985443,-3.79780817,1,http://datos.santander.es/api/datos/sensores_smart_parking/3915.csv
3677,2021-08-27T06:50:15Z,parking,43.463378906,-3.799099684,1,http://datos.santander.es/api/datos/sensores_smart_parking/3677.csv
4311,2021-08-27T06:48:41Z,parking,43.4722225,-3.802759,1,http://datos.santander.es/api/datos/sensores_smart_parking/4311.csv
3829,2021-08-27T06:41:46Z,parking,43.463123322,-3.798140049,1,http://datos.santander.es/api/datos/sensores_smart_parking/3829.csv
4304,2021-08-27T06:40:35Z,parking,43.4722776,-3.8024246,1,http://datos.santander.es/api/datos/sensores_smart_parking/4304.csv
4301,2021-08-27T06:40:33Z,parking,43.4723012,-3.8022812,1,http://datos.santander.es/api/datos/sensores_smart_parking/4301.csv
3609,2021-08-27T06:34:02Z,parking,43.463085175,-3.798510313,1,http://datos.santander.es/api/datos/sensores_smart_parking/3609.csv
4307,2021-08-27T06:29:38Z,parking,43.472254,-3.8025679,1,http://datos.santander.es/api/datos/sensores_smart_parking/4307.csv
3686,2021-08-27T06:27:29Z,parking,43.463474274,-3.798170805,1,http://datos.santander.es/api/datos/sensores_smart_parking/3686.csv
3675,2021-08-27T06:23:33Z,parking,43.463367462,-3.799223661,1,http://datos.santander.es/api/datos/sensores_smart_parking/3675.csv
4317,2021-08-27T06:22:53Z,parking,43.4721753,-3.8030457,1,http://datos.santander.es/api/datos/sensores_smart_parking/4317.csv
3685,2021-08-27T06:12:25Z,parking,43.463470459,-3.798229218,1,http://datos.santander.es/api/datos/sensores_smart_parking/3685.csv
3852,2021-08-27T06:11:59Z,parking,43.464382172,-3.799005747,1,http://datos.santander.es/api/datos/sensores_smart_parking/3852.csv
3903,2021-08-27T06:03:27Z,parking,43.464271545,-3.800378323,1,http://datos.santander.es/api/datos/sensores_smart_parking/3903.csv
4327,2021-08-27T06:03:16Z,parking,43.471755428,-3.801715388,0,http://datos.santander.es/api/datos/sensores_smart_parking/4327.csv
3667,2021-08-27T06:00:09Z,parking,43.462947845,-3.799993515,1,http://datos.santander.es/api/datos/sensores_smart_parking/3667.csv
4328,2021-08-27T05:57:41Z,parking,43.471675873,-3.801681042,1,http://datos.santander.es/api/datos/sensores_smart_parking/4328.csv
4329,2021-08-27T05:56:25Z,parking,43.47170639,-3.80163908,1,http://datos.santander.es/api/datos/sensores_smart_parking/4329.csv
3683,2021-08-27T05:51:36Z,parking,43.463420868,-3.798686504,1,http://datos.santander.es/api/datos/sensores_smart_parking/3683.csv
3682,2021-08-27T05:51:16Z,parking,43.463413239,-3.798759699,1,http://datos.santander.es/api/datos/sensores_smart_parking/3682.csv
3688,2021-08-27T05:47:20Z,parking,43.463493347,-3.797996521,1,http://datos.santander.es/api/datos/sensores_smart_parking/3688.csv
3859,2021-08-27T05:46:30Z,parking,43.464454651,-3.798312426,1,http://datos.santander.es/api/datos/sensores_smart_parking/3859.csv
3745,2021-08-27T05:45:35Z,parking,43.464084625,-3.798508167,1,http://datos.santander.es/api/datos/sensores_smart_parking/3745.csv
3689,2021-08-27T05:39:16Z,parking,43.463500977,-3.797929525,1,http://datos.santander.es/api/datos/sensores_smart_parking/3689.csv
4330,2021-08-27T05:38:21Z,parking,43.471733093,-3.801599026,1,http://datos.santander.es/api/datos/sensores_smart_parking/4330.csv
3855,2021-08-27T05:22:08Z,parking,43.46439743,-3.798820734,1,http://datos.santander.es/api/datos/sensores_smart_parking/3855.csv
3854,2021-08-27T05:21:56Z,parking,43.464393616,-3.798882484,1,http://datos.santander.es/api/datos/sensores_smart_parking/3854.csv
4313,2021-08-27T05:18:06Z,parking,43.4722067,-3.8028546,1,http://datos.santander.es/api/datos/sensores_smart_parking/4313.csv
3747,2021-08-27T05:11:53Z,parking,43.464122772,-3.798516273,1,http://datos.santander.es/api/datos/sensores_smart_parking/3747.csv
4318,2021-08-27T05:10:15Z,parking,43.4721674,-3.8030935,1,http://datos.santander.es/api/datos/sensores_smart_parking/4318.csv
3867,2021-08-27T05:00:52Z,parking,43.464561462,-3.797617674,1,http://datos.santander.es/api/datos/sensores_smart_parking/3867.csv
3606,2021-08-27T04:56:26Z,parking,43.463066101,-3.798700571,1,http://datos.santander.es/api/datos/sensores_smart_parking/3606.csv
3891,2021-08-27T04:52:06Z,parking,43.464344025,-3.79863286,1,http://datos.santander.es/api/datos/sensores_smart_parking/3891.csv
3888,2021-08-27T04:48:30Z,parking,43.464687347,-3.797171116,1,http://datos.santander.es/api/datos/sensores_smart_parking/3888.csv
3691,2021-08-27T04:47:56Z,parking,43.463508606,-3.797817469,1,http://datos.santander.es/api/datos/sensores_smart_parking/3691.csv
3864,2021-08-27T04:40:34Z,parking,43.464511871,-3.797930241,1,http://datos.santander.es/api/datos/sensores_smart_parking/3864.csv
3607,2021-08-27T04:39:28Z,parking,43.46307373,-3.798639536,1,http://datos.santander.es/api/datos/sensores_smart_parking/3607.csv
3787,2021-08-27T04:37:37Z,parking,43.463916779,-3.799719095,1,http://datos.santander.es/api/datos/sensores_smart_parking/3787.csv
3715,2021-08-27T04:20:55Z,parking,43.462467194,-3.800557375,1,http://datos.santander.es/api/datos/sensores_smart_parking/3715.csv
3749,2021-08-27T04:10:07Z,parking,43.463764191,-3.798447847,1,http://datos.santander.es/api/datos/sensores_smart_parking/3749.csv
3655,2021-08-27T04:08:30Z,parking,43.463180542,-3.797550678,1,http://datos.santander.es/api/datos/sensores_smart_parking/3655.csv
3693,2021-08-27T04:07:32Z,parking,43.46352005,-3.797696829,1,http://datos.santander.es/api/datos/sensores_smart_parking/3693.csv
3756,2021-08-27T04:07:16Z,parking,43.463615417,-3.798506975,1,http://datos.santander.es/api/datos/sensores_smart_parking/3756.csv
3665,2021-08-27T04:05:21Z,parking,43.462936401,-3.800143719,1,http://datos.santander.es/api/datos/sensores_smart_parking/3665.csv
3710,2021-08-27T03:55:06Z,parking,43.462429047,-3.800911427,1,http://datos.santander.es/api/datos/sensores_smart_parking/3710.csv
4316,2021-08-27T03:50:23Z,parking,43.4721831,-3.8029979,1,http://datos.santander.es/api/datos/sensores_smart_parking/4316.csv
3866,2021-08-27T03:48:14Z,parking,43.464550018,-3.797679424,1,http://datos.santander.es/api/datos/sensores_smart_parking/3866.csv
3865,2021-08-27T03:48:10Z,parking,43.464538574,-3.797743797,1,http://datos.santander.es/api/datos/sensores_smart_parking/3865.csv
3662,2021-08-27T03:46:39Z,parking,43.462913513,-3.800362349,1,http://datos.santander.es/api/datos/sensores_smart_parking/3662.csv
3603,2021-08-27T03:11:29Z,parking,43.463047028,-3.798895836,1,http://datos.santander.es/api/datos/sensores_smart_parking/3603.csv
3601,2021-08-27T02:59:52Z,parking,43.463035583,-3.799020529,1,http://datos.santander.es/api/datos/sensores_smart_parking/3601.csv
3697,2021-08-27T02:15:56Z,parking,43.463550568,-3.797435284,1,http://datos.santander.es/api/datos/sensores_smart_parking/3697.csv
3878,2021-08-26T21:47:17Z,parking,43.46446228,-3.79874301,1,http://datos.santander.es/api/datos/sensores_smart_parking/3878.csv
3671,2021-08-26T21:26:39Z,parking,43.462974548,-3.7996943,1,http://datos.santander.es/api/datos/sensores_smart_parking/3671.csv
3862,2021-08-26T20:30:59Z,parking,43.464488983,-3.798076391,1,http://datos.santander.es/api/datos/sensores_smart_parking/3862.csv
3706,2021-08-26T20:07:20Z,parking,43.462539673,-3.800731182,1,http://datos.santander.es/api/datos/sensores_smart_parking/3706.csv
3883,2021-08-26T19:54:52Z,parking,43.464633942,-3.797487497,1,http://datos.santander.es/api/datos/sensores_smart_parking/3883.csv
3668,2021-08-26T19:38:49Z,parking,43.462955475,-3.799915791,1,http://datos.santander.es/api/datos/sensores_smart_parking/3668.csv
3856,2021-08-26T18:56:49Z,parking,43.464431763,-3.798502684,1,http://datos.santander.es/api/datos/sensores_smart_parking/3856.csv
3905,2021-08-26T18:56:31Z,parking,43.46428299,-3.80025363,1,http://datos.santander.es/api/datos/sensores_smart_parking/3905.csv
3669,2021-08-26T17:11:16Z,parking,43.462963104,-3.799840689,1,http://datos.santander.es/api/datos/sensores_smart_parking/3669.csv
3881,2021-08-26T16:15:49Z,parking,43.464614868,-3.797619104,1,http://datos.santander.es/api/datos/sensores_smart_parking/3881.csv
3664,2021-08-26T15:28:03Z,parking,43.462928772,-3.800216198,1,http://datos.santander.es/api/datos/sensores_smart_parking/3664.csv
3863,2021-08-26T15:28:03Z,parking,43.464500427,-3.798004627,1,http://datos.santander.es/api/datos/sensores_smart_parking/3863.csv
3717,2021-08-26T15:18:35Z,parking,43.462478638,-3.800447464,1,http://datos.santander.es/api/datos/sensores_smart_parking/3717.csv
3895,2021-08-26T15:14:24Z,parking,43.464164734,-3.798612833,1,http://datos.santander.es/api/datos/sensores_smart_parking/3895.csv
3653,2021-08-26T15:03:53Z,parking,43.463169098,-3.797675371,0,http://datos.santander.es/api/datos/sensores_smart_parking/3653.csv
3670,2021-08-26T14:59:41Z,parking,43.462970734,-3.799770832,1,http://datos.santander.es/api/datos/sensores_smart_parking/3670.csv
3860,2021-08-26T14:58:23Z,parking,43.464466095,-3.798226595,1,http://datos.santander.es/api/datos/sensores_smart_parking/3860.csv
3861,2021-08-26T14:51:53Z,parking,43.464473724,-3.798151493,1,http://datos.santander.es/api/datos/sensores_smart_parking/3861.csv
3880,2021-08-26T14:50:16Z,parking,43.464603424,-3.797679424,1,http://datos.santander.es/api/datos/sensores_smart_parking/3880.csv
3658,2021-08-26T14:16:57Z,parking,43.462882996,-3.800663471,1,http://datos.santander.es/api/datos/sensores_smart_parking/3658.csv
3702,2021-08-26T13:26:08Z,parking,43.462772369,-3.800770521,1,http://datos.santander.es/api/datos/sensores_smart_parking/3702.csv
3827,2021-08-26T13:04:17Z,parking,43.463134766,-3.797999144,1,http://datos.santander.es/api/datos/sensores_smart_parking/3827.csv
4306,2021-08-26T12:45:43Z,parking,43.4722619,-3.8025201,1,http://datos.santander.es/api/datos/sensores_smart_parking/4306.csv
4320,2021-08-26T12:29:31Z,parking,43.4721516,-3.8031891,1,http://datos.santander.es/api/datos/sensores_smart_parking/4320.csv
3875,2021-08-26T11:31:58Z,parking,43.464443207,-3.798943996,1,http://datos.santander.es/api/datos/sensores_smart_parking/3875.csv
3770,2021-08-26T11:01:44Z,parking,43.463291168,-3.798445225,1,http://datos.santander.es/api/datos/sensores_smart_parking/3770.csv
4305,2021-08-26T10:12:02Z,parking,43.4722697,-3.8024724,1,http://datos.santander.es/api/datos/sensores_smart_parking/4305.csv
4303,2021-08-26T10:07:37Z,parking,43.4722855,-3.8023768,1,http://datos.santander.es/api/datos/sensores_smart_parking/4303.csv
4309,2021-08-26T09:38:10Z,parking,43.4722382,-3.8026635,1,http://datos.santander.es/api/datos/sensores_smart_parking/4309.csv
4326,2021-08-26T09:36:08Z,parking,43.471731893,-3.801748184,1,http://datos.santander.es/api/datos/sensores_smart_parking/4326.csv
3908,2021-08-26T08:15:46Z,parking,43.464347839,-3.799379826,1,http://datos.santander.es/api/datos/sensores_smart_parking/3908.csv
3713,2021-08-26T07:59:57Z,parking,43.46245575,-3.800680876,1,http://datos.santander.es/api/datos/sensores_smart_parking/3713.csv
3779,2021-08-26T07:57:42Z,parking,43.464241028,-3.7997756,1,http://datos.santander.es/api/datos/sensores_smart_parking/3779.csv
4314,2021-08-26T07:41:39Z,parking,43.4721989,-3.8029024,1,http://datos.santander.es/api/datos/sensores_smart_parking/4314.csv
3910,2021-08-26T07:39:44Z,parking,43.464359283,-3.799253941,1,http://datos.santander.es/api/datos/sensores_smart_parking/3910.csv
4325,2021-08-26T07:31:14Z,parking,43.47170639,-3.801781893,0,http://datos.santander.es/api/datos/sensores_smart_parking/4325.csv
4315,2021-08-26T07:00:29Z,parking,43.472191,-3.8029502,1,http://datos.santander.es/api/datos/sensores_smart_parking/4315.csv
3871,2021-08-25T21:05:33Z,parking,43.464607239,-3.797361612,1,http://datos.santander.es/api/datos/sensores_smart_parking/3871.csv
3600,2021-08-25T20:19:36Z,parking,43.463027954,-3.799085617,0,http://datos.santander.es/api/datos/sensores_smart_parking/3600.csv
3676,2021-08-25T14:51:26Z,parking,43.463375092,-3.799163342,1,http://datos.santander.es/api/datos/sensores_smart_parking/3676.csv
3897,2021-08-25T14:24:01Z,parking,43.464050293,-3.798593998,1,http://datos.santander.es/api/datos/sensores_smart_parking/3897.csv
3786,2021-08-25T13:05:46Z,parking,43.463970184,-3.799728632,1,http://datos.santander.es/api/datos/sensores_smart_parking/3786.csv
4310,2021-08-25T12:41:39Z,parking,43.4722304,-3.8027113,1,http://datos.santander.es/api/datos/sensores_smart_parking/4310.csv
3763,2021-08-25T11:53:47Z,parking,43.46307373,-3.798315048,0,http://datos.santander.es/api/datos/sensores_smart_parking/3763.csv
3775,2021-08-25T11:03:47Z,parking,43.462947845,-3.798383474,1,http://datos.santander.es/api/datos/sensores_smart_parking/3775.csv
3851,2021-08-25T07:33:28Z,parking,43.464374542,-3.799102306,1,http://datos.santander.es/api/datos/sensores_smart_parking/3851.csv
3743,2021-08-24T20:40:32Z,parking,43.464195251,-3.798528194,1,http://datos.santander.es/api/datos/sensores_smart_parking/3743.csv
3791,2021-08-24T15:39:35Z,parking,43.463577271,-3.799664259,1,http://datos.santander.es/api/datos/sensores_smart_parking/3791.csv
3777,2021-08-24T14:45:51Z,parking,43.462825775,-3.79836607,1,http://datos.santander.es/api/datos/sensores_smart_parking/3777.csv
3887,2021-08-24T14:22:42Z,parking,43.464675903,-3.797236681,1,http://datos.santander.es/api/datos/sensores_smart_parking/3887.csv
3757,2021-08-24T07:37:05Z,parking,43.463542938,-3.798492193,1,http://datos.santander.es/api/datos/sensores_smart_parking/3757.csv
3857,2021-08-23T11:02:15Z,parking,43.464443207,-3.798435688,1,http://datos.santander.es/api/datos/sensores_smart_parking/3857.csv
3892,2021-08-23T10:17:47Z,parking,43.464302063,-3.798624992,1,http://datos.santander.es/api/datos/sensores_smart_parking/3892.csv
3739,2021-08-23T06:18:18Z,parking,43.464347839,-3.79854846,1,http://datos.santander.es/api/datos/sensores_smart_parking/3739.csv
3711,2021-08-23T05:00:22Z,parking,43.462440491,-3.800837755,1,http://datos.santander.es/api/datos/sensores_smart_parking/3711.csv
3836,2021-08-23T04:38:47Z,parking,43.463890076,-3.798756361,1,http://datos.santander.es/api/datos/sensores_smart_parking/3836.csv
3651,2021-08-22T14:08:51Z,parking,43.463157654,-3.797797441,1,http://datos.santander.es/api/datos/sensores_smart_parking/3651.csv
3793,2021-08-21T16:28:26Z,parking,43.463485718,-3.799646854,1,http://datos.santander.es/api/datos/sensores_smart_parking/3793.csv
3659,2021-08-21T07:49:55Z,parking,43.462890625,-3.800587654,1,http://datos.santander.es/api/datos/sensores_smart_parking/3659.csv
3755,2021-08-21T05:19:38Z,parking,43.463687897,-3.798518896,1,http://datos.santander.es/api/datos/sensores_smart_parking/3755.csv
3760,2021-08-21T04:36:24Z,parking,43.463298798,-3.798357964,1,http://datos.santander.es/api/datos/sensores_smart_parking/3760.csv
3761,2021-08-20T23:37:54Z,parking,43.463241577,-3.798343182,1,http://datos.santander.es/api/datos/sensores_smart_parking/3761.csv
3744,2021-08-20T17:54:46Z,parking,43.464000702,-3.798490763,1,http://datos.santander.es/api/datos/sensores_smart_parking/3744.csv
3873,2021-08-20T15:37:47Z,parking,43.464653015,-3.797046423,1,http://datos.santander.es/api/datos/sensores_smart_parking/3873.csv
3774,2021-08-20T14:33:30Z,parking,43.463005066,-3.798396826,0,http://datos.santander.es/api/datos/sensores_smart_parking/3774.csv
3703,2021-08-19T15:32:34Z,parking,43.462715149,-3.800760508,1,http://datos.santander.es/api/datos/sensores_smart_parking/3703.csv
3788,2021-08-19T14:04:00Z,parking,43.463859558,-3.799709797,1,http://datos.santander.es/api/datos/sensores_smart_parking/3788.csv
3768,2021-08-19T13:11:26Z,parking,43.463417053,-3.798473358,1,http://datos.santander.es/api/datos/sensores_smart_parking/3768.csv
3769,2021-08-19T09:26:36Z,parking,43.463356018,-3.798461199,1,http://datos.santander.es/api/datos/sensores_smart_parking/3769.csv
3748,2021-08-18T14:03:23Z,parking,43.463832855,-3.798460007,1,http://datos.santander.es/api/datos/sensores_smart_parking/3748.csv
3704,2021-08-18T05:49:48Z,parking,43.462657928,-3.800750494,1,http://datos.santander.es/api/datos/sensores_smart_parking/3704.csv
3790,2021-08-18T04:31:01Z,parking,43.463623047,-3.799674988,1,http://datos.santander.es/api/datos/sensores_smart_parking/3790.csv
3705,2021-08-18T03:14:28Z,parking,43.462596893,-3.800741196,1,http://datos.santander.es/api/datos/sensores_smart_parking/3705.csv
3692,2021-08-17T11:56:17Z,parking,43.463516235,-3.797757149,1,http://datos.santander.es/api/datos/sensores_smart_parking/3692.csv
3650,2021-08-16T15:32:28Z,parking,43.463150024,-3.797865152,1,http://datos.santander.es/api/datos/sensores_smart_parking/3650.csv
3740,2021-08-14T13:43:21Z,parking,43.464302063,-3.798541784,1,http://datos.santander.es/api/datos/sensores_smart_parking/3740.csv
3714,2021-08-13T18:29:33Z,parking,43.462459564,-3.800619125,1,http://datos.santander.es/api/datos/sensores_smart_parking/3714.csv
3879,2021-08-12T14:11:26Z,parking,43.46446991,-3.798666477,1,http://datos.santander.es/api/datos/sensores_smart_parking/3879.csv
3764,2021-08-09T06:28:49Z,parking,43.463012695,-3.798304319,0,http://datos.santander.es/api/datos/sensores_smart_parking/3764.csv
3889,2021-08-07T09:14:39Z,parking,43.464698792,-3.79710412,1,http://datos.santander.es/api/datos/sensores_smart_parking/3889.csv
3649,2021-08-04T09:47:59Z,parking,43.463142395,-3.797930956,1,http://datos.santander.es/api/datos/sensores_smart_parking/3649.csv
3758,2021-08-02T04:49:36Z,parking,43.463424683,-3.798382044,1,http://datos.santander.es/api/datos/sensores_smart_parking/3758.csv
3894,2021-07-28T14:44:14Z,parking,43.464206696,-3.798618317,1,http://datos.santander.es/api/datos/sensores_smart_parking/3894.csv
3781,2021-07-26T22:03:49Z,parking,43.464149475,-3.799760818,0,http://datos.santander.es/api/datos/sensores_smart_parking/3781.csv
3694,2021-07-20T12:27:38Z,parking,43.463527679,-3.797633886,1,http://datos.santander.es/api/datos/sensores_smart_parking/3694.csv
3746,2021-07-17T20:44:04Z,parking,43.464046478,-3.798501492,1,http://datos.santander.es/api/datos/sensores_smart_parking/3746.csv
3794,2021-07-11T13:37:36Z,parking,43.463443756,-3.799638748,0,http://datos.santander.es/api/datos/sensores_smart_parking/3794.csv
3877,2021-06-01T14:33:52Z,parking,43.464458466,-3.798816681,1,http://datos.santander.es/api/datos/sensores_smart_parking/3877.csv
3666,2021-04-29T03:57:36Z,parking,43.462940216,-3.800073385,1,http://datos.santander.es/api/datos/sensores_smart_parking/3666.csv
3602,2021-04-24T06:40:19Z,parking,43.463043213,-3.798958063,1,http://datos.santander.es/api/datos/sensores_smart_parking/3602.csv
3674,2021-04-23T08:23:59Z,parking,43.463363647,-3.799287319,1,http://datos.santander.es/api/datos/sensores_smart_parking/3674.csv
3701,2021-03-22T17:58:42Z,parking,43.46282959,-3.800781488,1,http://datos.santander.es/api/datos/sensores_smart_parking/3701.csv
3661,2021-03-15T11:39:50Z,parking,43.462902069,-3.800448895,1,http://datos.santander.es/api/datos/sensores_smart_parking/3661.csv
3759,2021-03-14T17:58:08Z,parking,43.463363647,-3.798370123,1,http://datos.santander.es/api/datos/sensores_smart_parking/3759.csv
3678,2021-02-25T16:31:34Z,parking,43.46339035,-3.799036503,0,http://datos.santander.es/api/datos/sensores_smart_parking/3678.csv
3604,2021-02-18T10:54:07Z,parking,43.463050842,-3.798828602,0,http://datos.santander.es/api/datos/sensores_smart_parking/3604.csv
3696,2021-02-11T15:04:59Z,parking,43.463550568,-3.797435284,1,http://datos.santander.es/api/datos/sensores_smart_parking/3696.csv
3687,2021-02-11T08:58:43Z,parking,43.463493347,-3.797996521,1,http://datos.santander.es/api/datos/sensores_smart_parking/3687.csv
3735,2021-01-25T05:12:20Z,parking,43.462654114,-3.798728704,1,http://datos.santander.es/api/datos/sensores_smart_parking/3735.csv
3695,2021-01-25T04:08:26Z,parking,43.463558197,-3.797307968,0,http://datos.santander.es/api/datos/sensores_smart_parking/3695.csv
3876,2021-01-24T21:07:46Z,parking,43.464450836,-3.798915386,1,http://datos.santander.es/api/datos/sensores_smart_parking/3876.csv
3729,2021-01-24T19:38:31Z,parking,43.462593079,-3.79930687,1,http://datos.santander.es/api/datos/sensores_smart_parking/3729.csv
3816,2021-01-24T19:23:21Z,parking,43.463531494,-3.799738646,0,http://datos.santander.es/api/datos/sensores_smart_parking/3816.csv
3733,2021-01-23T10:06:25Z,parking,43.462631226,-3.798921585,1,http://datos.santander.es/api/datos/sensores_smart_parking/3733.csv
3726,2021-01-22T13:28:25Z,parking,43.462554932,-3.799658298,1,http://datos.santander.es/api/datos/sensores_smart_parking/3726.csv
3728,2021-01-22T12:30:21Z,parking,43.462585449,-3.799403191,1,http://datos.santander.es/api/datos/sensores_smart_parking/3728.csv
3725,2021-01-22T12:30:17Z,parking,43.462547302,-3.799733639,1,http://datos.santander.es/api/datos/sensores_smart_parking/3725.csv
3724,2021-01-21T11:25:56Z,parking,43.462539673,-3.799808979,1,http://datos.santander.es/api/datos/sensores_smart_parking/3724.csv
3815,2021-01-20T16:57:53Z,parking,43.463577271,-3.799747467,1,http://datos.santander.es/api/datos/sensores_smart_parking/3815.csv
3663,2021-01-18T10:27:48Z,parking,43.462913513,-3.80030179,1,http://datos.santander.es/api/datos/sensores_smart_parking/3663.csv
3680,2021-01-16T19:54:23Z,parking,43.463420868,-3.798890114,0,http://datos.santander.es/api/datos/sensores_smart_parking/3680.csv
3727,2021-01-16T10:51:24Z,parking,43.462562561,-3.799583197,0,http://datos.santander.es/api/datos/sensores_smart_parking/3727.csv
3916,2021-01-14T13:08:08Z,parking,43.463996887,-3.7977283,1,http://datos.santander.es/api/datos/sensores_smart_parking/3916.csv
3778,2021-01-14T08:26:29Z,parking,43.462776184,-3.798361778,1,http://datos.santander.es/api/datos/sensores_smart_parking/3778.csv
3818,2021-01-12T09:16:40Z,parking,43.463436127,-3.799721241,1,http://datos.santander.es/api/datos/sensores_smart_parking/3818.csv
3753,2021-01-05T18:22:20Z,parking,43.463825226,-3.798545599,1,http://datos.santander.es/api/datos/sensores_smart_parking/3753.csv
3772,2021-01-03T07:52:13Z,parking,43.463195801,-3.798430681,1,http://datos.santander.es/api/datos/sensores_smart_parking/3772.csv
3698,2020-12-18T06:34:41Z,parking,43.4635849,-3.797041178,1,http://datos.santander.es/api/datos/sensores_smart_parking/3698.csv
3690,2020-12-04T13:09:58Z,parking,43.463516235,-3.797752857,1,http://datos.santander.es/api/datos/sensores_smart_parking/3690.csv
3679,2020-11-30T09:05:20Z,parking,43.46339798,-3.798918247,1,http://datos.santander.es/api/datos/sensores_smart_parking/3679.csv
4400,2020-11-11T09:27:37Z,parking,43.47177887,-3.801382065,1,http://datos.santander.es/api/datos/sensores_smart_parking/4400.csv
3754,2020-10-27T08:27:19Z,parking,43.463760376,-3.798536301,1,http://datos.santander.es/api/datos/sensores_smart_parking/3754.csv
3810,2020-03-19T12:46:53Z,parking,43.46397786,-3.799816221,1,http://datos.santander.es/api/datos/sensores_smart_parking/3810.csv
3907,2020-03-19T12:37:41Z,parking,43.464328766,-3.799622059,1,http://datos.santander.es/api/datos/sensores_smart_parking/3907.csv
3796,2020-03-19T12:01:28Z,parking,43.463198825,-3.799604774,1,http://datos.santander.es/api/datos/sensores_smart_parking/3796.csv
3809,2020-03-19T12:00:55Z,parking,43.464025015,-3.799824417,1,http://datos.santander.es/api/datos/sensores_smart_parking/3809.csv
3920,2020-02-04T16:49:30Z,parking,43.46401255,-3.799446595,1,http://datos.santander.es/api/datos/sensores_smart_parking/3920.csv
3842,2019-12-08T14:51:29Z,parking,43.463990592,-3.797665727,0,http://datos.santander.es/api/datos/sensores_smart_parking/3842.csv
3623,2019-10-31T12:57:23Z,parking,43.46304253,-3.802011833,0,http://datos.santander.es/api/datos/sensores_smart_parking/3623.csv
3732,2019-06-19T09:30:41Z,parking,43.462636135,-3.798919246,1,http://datos.santander.es/api/datos/sensores_smart_parking/3732.csv
3776,2019-05-14T06:15:36Z,parking,43.462913068,-3.79835397,1,http://datos.santander.es/api/datos/sensores_smart_parking/3776.csv
3773,2019-05-14T05:53:34Z,parking,43.463038483,-3.798377064,1,http://datos.santander.es/api/datos/sensores_smart_parking/3773.csv
3896,2019-05-14T05:28:06Z,parking,43.464118612,-3.798577264,1,http://datos.santander.es/api/datos/sensores_smart_parking/3896.csv
3752,2019-05-14T05:10:47Z,parking,43.463583602,-3.798412289,1,http://datos.santander.es/api/datos/sensores_smart_parking/3752.csv
3771,2019-05-14T03:39:58Z,parking,43.463267871,-3.798417002,0,http://datos.santander.es/api/datos/sensores_smart_parking/3771.csv
3731,2019-05-13T14:33:24Z,parking,43.462621534,-3.799056709,1,http://datos.santander.es/api/datos/sensores_smart_parking/3731.csv
3730,2019-05-13T11:01:11Z,parking,43.46261326,-3.79914254,0,http://datos.santander.es/api/datos/sensores_smart_parking/3730.csv
3723,2019-05-13T08:50:33Z,parking,43.462539767,-3.799912333,1,http://datos.santander.es/api/datos/sensores_smart_parking/3723.csv
3721,2019-05-13T08:48:01Z,parking,43.462510079,-3.800196648,1,http://datos.santander.es/api/datos/sensores_smart_parking/3721.csv
3720,2019-05-13T08:47:29Z,parking,43.462504725,-3.800259009,1,http://datos.santander.es/api/datos/sensores_smart_parking/3720.csv
3719,2019-05-13T08:46:29Z,parking,43.462499858,-3.800310642,1,http://datos.santander.es/api/datos/sensores_smart_parking/3719.csv
3718,2019-05-13T08:46:13Z,parking,43.462494991,-3.800364956,0,http://datos.santander.es/api/datos/sensores_smart_parking/3718.csv
3716,2019-05-13T07:01:39Z,parking,43.46248185,-3.800479621,1,http://datos.santander.es/api/datos/sensores_smart_parking/3716.csv
3707,2019-05-13T06:24:55Z,parking,43.462433179,-3.801003322,0,http://datos.santander.es/api/datos/sensores_smart_parking/3707.csv
3708,2019-05-13T06:24:21Z,parking,43.462438533,-3.800951689,1,http://datos.santander.es/api/datos/sensores_smart_parking/3708.csv
3712,2019-05-13T06:18:33Z,parking,43.462459461,-3.800733089,1,http://datos.santander.es/api/datos/sensores_smart_parking/3712.csv
3737,2019-05-12T21:11:05Z,parking,43.46266485,-3.798610121,1,http://datos.santander.es/api/datos/sensores_smart_parking/3737.csv
3742,2019-05-12T12:00:15Z,parking,43.464256678,-3.798535314,1,http://datos.santander.es/api/datos/sensores_smart_parking/3742.csv
3751,2019-05-08T09:54:12Z,parking,43.463622051,-3.798421677,1,http://datos.santander.es/api/datos/sensores_smart_parking/3751.csv
3899,2019-05-07T08:13:23Z,parking,43.463986232,-3.798553124,0,http://datos.santander.es/api/datos/sensores_smart_parking/3899.csv
3830,2019-02-04T05:58:36Z,parking,43.463844584,-3.799114791,1,http://datos.santander.es/api/datos/sensores_smart_parking/3830.csv
3902,2018-12-27T11:04:10Z,parking,43.46428607,-3.800451752,1,http://datos.santander.es/api/datos/sensores_smart_parking/3902.csv
3849,2018-11-21T22:53:50Z,parking,43.464046581,-3.797063157,0,http://datos.santander.es/api/datos/sensores_smart_parking/3849.csv
3844,2018-08-11T06:54:20Z,parking,43.464000812,-3.797539664,0,http://datos.santander.es/api/datos/sensores_smart_parking/3844.csv
3850,2018-08-08T08:00:52Z,parking,43.464051448,-3.797010183,0,http://datos.santander.es/api/datos/sensores_smart_parking/3850.csv
3848,2018-07-23T05:13:21Z,parking,43.464037334,-3.797136918,0,http://datos.santander.es/api/datos/sensores_smart_parking/3848.csv
3845,2018-07-20T13:19:56Z,parking,43.464010059,-3.797441092,0,http://datos.santander.es/api/datos/sensores_smart_parking/3845.csv
3843,2018-06-15T10:44:35Z,parking,43.463993512,-3.797612754,1,http://datos.santander.es/api/datos/sensores_smart_parking/3843.csv
3615,2018-06-11T14:06:03Z,parking,43.462925235,-3.803205416,0,http://datos.santander.es/api/datos/sensores_smart_parking/3615.csv
3614,2018-06-11T13:14:07Z,parking,43.462917935,-3.803268448,1,http://datos.santander.es/api/datos/sensores_smart_parking/3614.csv
3613,2018-06-11T13:03:35Z,parking,43.462913068,-3.803329468,1,http://datos.santander.es/api/datos/sensores_smart_parking/3613.csv
3611,2018-06-11T12:59:47Z,parking,43.46289944,-3.803448156,1,http://datos.santander.es/api/datos/sensores_smart_parking/3611.csv
3628,2018-06-11T08:31:02Z,parking,43.463072218,-3.801704049,1,http://datos.santander.es/api/datos/sensores_smart_parking/3628.csv
3627,2018-06-11T08:30:40Z,parking,43.463064918,-3.801763058,1,http://datos.santander.es/api/datos/sensores_smart_parking/3627.csv
3621,2018-06-11T08:23:04Z,parking,43.463029876,-3.802122474,1,http://datos.santander.es/api/datos/sensores_smart_parking/3621.csv
3619,2018-06-11T08:20:18Z,parking,43.463017708,-3.802238479,1,http://datos.santander.es/api/datos/sensores_smart_parking/3619.csv
3624,2018-06-11T08:18:16Z,parking,43.463048857,-3.801953495,1,http://datos.santander.es/api/datos/sensores_smart_parking/3624.csv
3914,2018-06-11T08:00:52Z,parking,43.462981729,-3.802627695,1,http://datos.santander.es/api/datos/sensores_smart_parking/3914.csv
3913,2018-06-11T07:59:58Z,parking,43.462977349,-3.802682009,1,http://datos.santander.es/api/datos/sensores_smart_parking/3913.csv
3912,2018-06-11T07:58:40Z,parking,43.462970049,-3.802751076,1,http://datos.santander.es/api/datos/sensores_smart_parking/3912.csv
3911,2018-06-11T07:57:55Z,parking,43.462964208,-3.802810755,1,http://datos.santander.es/api/datos/sensores_smart_parking/3911.csv
3616,2018-06-11T07:34:01Z,parking,43.463002134,-3.802423552,1,http://datos.santander.es/api/datos/sensores_smart_parking/3616.csv
3618,2018-06-11T07:24:27Z,parking,43.463010408,-3.802311569,1,http://datos.santander.es/api/datos/sensores_smart_parking/3618.csv
3626,2018-06-11T07:15:05Z,parking,43.463061511,-3.801823407,1,http://datos.santander.es/api/datos/sensores_smart_parking/3626.csv
3629,2018-06-11T07:13:17Z,parking,43.463077572,-3.801645711,1,http://datos.santander.es/api/datos/sensores_smart_parking/3629.csv
3620,2018-06-11T05:38:40Z,parking,43.463023548,-3.802177459,1,http://datos.santander.es/api/datos/sensores_smart_parking/3620.csv
3612,2018-06-06T02:45:57Z,parking,43.462907227,-3.803390488,1,http://datos.santander.es/api/datos/sensores_smart_parking/3612.csv
3630,2018-06-04T16:37:20Z,parking,43.463083899,-3.801594079,1,http://datos.santander.es/api/datos/sensores_smart_parking/3630.csv
3699,2018-05-30T06:00:11Z,parking,43.46357988,-3.797238466,1,http://datos.santander.es/api/datos/sensores_smart_parking/3699.csv
3800,2018-05-28T08:06:39Z,parking,43.462863911,-3.799538836,1,http://datos.santander.es/api/datos/sensores_smart_parking/3800.csv
3799,2018-05-28T08:06:32Z,parking,43.462904794,-3.7995442,0,http://datos.santander.es/api/datos/sensores_smart_parking/3799.csv
3801,2018-05-28T08:03:54Z,parking,43.462820108,-3.799528778,1,http://datos.santander.es/api/datos/sensores_smart_parking/3801.csv
3802,2018-05-28T08:03:02Z,parking,43.462761704,-3.799518049,1,http://datos.santander.es/api/datos/sensores_smart_parking/3802.csv
3803,2018-05-28T08:01:53Z,parking,43.46271498,-3.799510002,1,http://datos.santander.es/api/datos/sensores_smart_parking/3803.csv
3798,2018-05-28T07:51:26Z,parking,43.463131948,-3.799587097,0,http://datos.santander.es/api/datos/sensores_smart_parking/3798.csv
3826,2018-05-28T05:05:43Z,parking,43.46271352,-3.799576387,1,http://datos.santander.es/api/datos/sensores_smart_parking/3826.csv
3825,2018-05-28T05:05:02Z,parking,43.462758783,-3.799583763,1,http://datos.santander.es/api/datos/sensores_smart_parking/3825.csv
3824,2018-05-28T05:04:24Z,parking,43.462803073,-3.79959248,1,http://datos.santander.es/api/datos/sensores_smart_parking/3824.csv
3823,2018-05-28T05:03:04Z,parking,43.462844443,-3.799601197,1,http://datos.santander.es/api/datos/sensores_smart_parking/3823.csv
3822,2018-05-28T05:00:08Z,parking,43.462884839,-3.799608573,1,http://datos.santander.es/api/datos/sensores_smart_parking/3822.csv
3821,2018-05-28T04:56:56Z,parking,43.463124161,-3.799650799,1,http://datos.santander.es/api/datos/sensores_smart_parking/3821.csv
3820,2018-05-28T04:43:58Z,parking,43.463174777,-3.799659517,1,http://datos.santander.es/api/datos/sensores_smart_parking/3820.csv
3625,2018-05-26T07:20:41Z,parking,43.463054697,-3.801886439,1,http://datos.santander.es/api/datos/sensores_smart_parking/3625.csv
3847,2018-05-26T04:56:56Z,parking,43.464030034,-3.79721269,0,http://datos.santander.es/api/datos/sensores_smart_parking/3847.csv
3648,2018-05-16T06:48:16Z,parking,43.463255703,-3.799819127,0,http://datos.santander.es/api/datos/sensores_smart_parking/3648.csv
3647,2018-05-16T06:44:57Z,parking,43.46324889,-3.79987143,1,http://datos.santander.es/api/datos/sensores_smart_parking/3647.csv
3637,2018-05-16T06:42:23Z,parking,43.4631973,-3.800435364,0,http://datos.santander.es/api/datos/sensores_smart_parking/3637.csv
3638,2018-05-16T06:41:18Z,parking,43.463205574,-3.80036965,1,http://datos.santander.es/api/datos/sensores_smart_parking/3638.csv
3646,2018-05-16T06:39:41Z,parking,43.463243536,-3.799929768,0,http://datos.santander.es/api/datos/sensores_smart_parking/3646.csv
3639,2018-05-16T06:38:34Z,parking,43.463202653,-3.800324723,0,http://datos.santander.es/api/datos/sensores_smart_parking/3639.csv
3640,2018-05-16T06:37:16Z,parking,43.463209467,-3.800277784,0,http://datos.santander.es/api/datos/sensores_smart_parking/3640.csv
3642,2018-05-16T06:33:20Z,parking,43.463220175,-3.800171167,0,http://datos.santander.es/api/datos/sensores_smart_parking/3642.csv
3635,2018-05-16T06:25:20Z,parking,43.46314571,-3.800924867,1,http://datos.santander.es/api/datos/sensores_smart_parking/3635.csv
3634,2018-05-16T06:24:34Z,parking,43.463139869,-3.80098857,1,http://datos.santander.es/api/datos/sensores_smart_parking/3634.csv
3632,2018-05-16T06:19:04Z,parking,43.463130622,-3.801095858,1,http://datos.santander.es/api/datos/sensores_smart_parking/3632.csv
3645,2018-05-16T06:17:54Z,parking,43.463236236,-3.800002187,0,http://datos.santander.es/api/datos/sensores_smart_parking/3645.csv
3631,2018-05-16T05:53:02Z,parking,43.463122835,-3.801172972,1,http://datos.santander.es/api/datos/sensores_smart_parking/3631.csv
3643,2018-05-16T05:47:45Z,parking,43.463227475,-3.80011417,0,http://datos.santander.es/api/datos/sensores_smart_parking/3643.csv
3641,2018-05-10T09:21:52Z,parking,43.463214334,-3.800228164,1,http://datos.santander.es/api/datos/sensores_smart_parking/3641.csv
3700,2018-05-07T06:08:00Z,parking,43.463585234,-3.79718214,1,http://datos.santander.es/api/datos/sensores_smart_parking/3700.csv
3622,2018-04-25T17:31:55Z,parking,43.463036203,-3.802059442,1,http://datos.santander.es/api/datos/sensores_smart_parking/3622.csv
3782,2018-04-24T04:05:17Z,parking,43.464119585,-3.799768835,1,http://datos.santander.es/api/datos/sensores_smart_parking/3782.csv
3783,2018-04-06T12:42:58Z,parking,43.464080163,-3.79976213,0,http://datos.santander.es/api/datos/sensores_smart_parking/3783.csv
3780,2018-04-06T12:42:28Z,parking,43.464200376,-3.799782917,0,http://datos.santander.es/api/datos/sensores_smart_parking/3780.csv
3785,2018-04-06T12:12:12Z,parking,43.463996452,-3.799746037,0,http://datos.santander.es/api/datos/sensores_smart_parking/3785.csv
3792,2018-04-05T11:28:30Z,parking,43.463549161,-3.799664644,1,http://datos.santander.es/api/datos/sensores_smart_parking/3792.csv
3789,2018-04-02T07:43:04Z,parking,43.463671321,-3.79968409,1,http://datos.santander.es/api/datos/sensores_smart_parking/3789.csv
3784,2018-03-29T12:38:33Z,parking,43.464036848,-3.799751401,1,http://datos.santander.es/api/datos/sensores_smart_parking/3784.csv
3672,2018-02-22T09:51:23Z,parking,43.463366119,-3.79939869,1,http://datos.santander.es/api/datos/sensores_smart_parking/3672.csv
3814,2018-01-19T14:38:59Z,parking,43.463627052,-3.799744025,1,http://datos.santander.es/api/datos/sensores_smart_parking/3814.csv
3797,2017-12-08T01:07:04Z,parking,43.463174291,-3.799593802,1,http://datos.santander.es/api/datos/sensores_smart_parking/3797.csv
3846,2017-11-29T07:42:23Z,parking,43.46402468,-3.797288463,0,http://datos.santander.es/api/datos/sensores_smart_parking/3846.csv
3734,2017-10-31T08:30:08Z,parking,43.462646355,-3.798787817,1,http://datos.santander.es/api/datos/sensores_smart_parking/3734.csv
3736,2017-10-31T08:22:40Z,parking,43.462658036,-3.798664436,1,http://datos.santander.es/api/datos/sensores_smart_parking/3736.csv
3819,2017-10-27T09:55:57Z,parking,43.463411933,-3.799704462,1,http://datos.santander.es/api/datos/sensores_smart_parking/3819.csv
3805,2017-10-26T10:37:28Z,parking,43.464202322,-3.799846619,1,http://datos.santander.es/api/datos/sensores_smart_parking/3805.csv
3806,2017-10-26T10:07:26Z,parking,43.464162901,-3.799839243,1,http://datos.santander.es/api/datos/sensores_smart_parking/3806.csv
3807,2017-10-26T09:12:55Z,parking,43.464125912,-3.799827844,1,http://datos.santander.es/api/datos/sensores_smart_parking/3807.csv
3812,2017-10-25T13:47:54Z,parking,43.463910795,-3.799792305,1,http://datos.santander.es/api/datos/sensores_smart_parking/3812.csv
3804,1970-01-01T00:00:08Z,parking,43.464240284,-3.799855337,1,http://datos.santander.es/api/datos/sensores_smart_parking/3804.csv
3811,1970-01-01T00:00:08Z,parking,43.463952163,-3.799803033,1,http://datos.santander.es/api/datos/sensores_smart_parking/3811.csv
3808,1970-01-01T00:00:08Z,parking,43.464083083,-3.799821809,1,http://datos.santander.es/api/datos/sensores_smart_parking/3808.csv
3813,1970-01-01T00:00:08Z,parking,43.463868939,-3.799785599,1,http://datos.santander.es/api/datos/sensores_smart_parking/3813.csv
